emma.metcalfe@foo.com,Emma,Metcalfe
warren.paterson@foo.com,Warren,Paterson
ryan.hudson@foo.com,Ryan,Hudson
christopher.tucker@foo.com,Christopher,Tucker
jacob.powell@foo.com,Jacob,Powell
justin.churchill@foo.com,Justin,Churchill
jason.parr@foo.com,Jason,Parr
connor.grant@foo.com,Connor,Grant
sean.slater@foo.com,Sean,Slater
edward.baker@foo.com,Edward,Baker
lauren.russell@foo.com,Lauren,Russell
charles.hughes@foo.com,Charles,Hughes
yvonne.hill@foo.com,Yvonne,Hill
donna.lee@foo.com,Donna,Lee
carol.buckland@foo.com,Carol,Buckland
amanda.carr@foo.com,Amanda,Carr
ian.wilkins@foo.com,Ian,Wilkins
max.smith@foo.com,Max,Smith
leah.mills@foo.com,Leah,Mills
mary.murray@foo.com,Mary,Murray
john.buckland@foo.com,John,Buckland
benjamin.lambert@foo.com,Benjamin,Lambert
nathan.hart@foo.com,Nathan,Hart
warren.butler@foo.com,Warren,Butler
madeleine.mcdonald@foo.com,Madeleine,McDonald
steven.harris@foo.com,Steven,Harris
keith.hughes@foo.com,Keith,Hughes
owen.pullman@foo.com,Owen,Pullman
brandon.kelly@foo.com,Brandon,Kelly
stephen.hart@foo.com,Stephen,Hart
gavin.randall@foo.com,Gavin,Randall
audrey.bailey@foo.com,Audrey,Bailey
abigail.graham@foo.com,Abigail,Graham
claire.metcalfe@foo.com,Claire,Metcalfe
felicity.pullman@foo.com,Felicity,Pullman
sonia.brown@foo.com,Sonia,Brown
karen.morgan@foo.com,Karen,Morgan
kylie.wilkins@foo.com,Kylie,Wilkins
gordon.knox@foo.com,Gordon,Knox
joanne.piper@foo.com,Joanne,Piper
david.johnston@foo.com,David,Johnston
leah.buckland@foo.com,Leah,Buckland
harry.ogden@foo.com,Harry,Ogden
alison.stewart@foo.com,Alison,Stewart
frank.fisher@foo.com,Frank,Fisher
kylie.hudson@foo.com,Kylie,Hudson
emma.quinn@foo.com,Emma,Quinn
leonard.lewis@foo.com,Leonard,Lewis
simon.graham@foo.com,Simon,Graham
faith.greene@foo.com,Faith,Greene
diane.brown@foo.com,Diane,Brown
lauren.kerr@foo.com,Lauren,Kerr
phil.rutherford@foo.com,Phil,Rutherford
james.davies@foo.com,James,Davies
molly.nash@foo.com,Molly,Nash
sam.poole@foo.com,Sam,Poole
lucas.scott@foo.com,Lucas,Scott
luke.watson@foo.com,Luke,Watson
claire.mackenzie@foo.com,Claire,Mackenzie
isaac.wright@foo.com,Isaac,Wright
alexandra.anderson@foo.com,Alexandra,Anderson
grace.duncan@foo.com,Grace,Duncan
gordon.greene@foo.com,Gordon,Greene
audrey.gibson@foo.com,Audrey,Gibson
zoe.wilson@foo.com,Zoe,Wilson
wanda.piper@foo.com,Wanda,Piper
max.ferguson@foo.com,Max,Ferguson
peter.welch@foo.com,Peter,Welch
rose.mackenzie@foo.com,Rose,Mackenzie
julian.sutherland@foo.com,Julian,Sutherland
angela.peters@foo.com,Angela,Peters
edward.avery@foo.com,Edward,Avery
piers.howard@foo.com,Piers,Howard
luke.oliver@foo.com,Luke,Oliver
liam.butler@foo.com,Liam,Butler
john.mcdonald@foo.com,John,McDonald
richard.davidson@foo.com,Richard,Davidson
paul.powell@foo.com,Paul,Powell
amanda.walker@foo.com,Amanda,Walker
matt.james@foo.com,Matt,James
julian.newman@foo.com,Julian,Newman
emily.quinn@foo.com,Emily,Quinn
chloe.wallace@foo.com,Chloe,Wallace
michelle.fraser@foo.com,Michelle,Fraser
evan.scott@foo.com,Evan,Scott
sean.abraham@foo.com,Sean,Abraham
dan.scott@foo.com,Dan,Scott
jack.sharp@foo.com,Jack,Sharp
angela.wright@foo.com,Angela,Wright
jane.grant@foo.com,Jane,Grant
dorothy.underwood@foo.com,Dorothy,Underwood
boris.gray@foo.com,Boris,Gray
lisa.lambert@foo.com,Lisa,Lambert
emily.avery@foo.com,Emily,Avery
cameron.henderson@foo.com,Cameron,Henderson
emily.davidson@foo.com,Emily,Davidson
adam.randall@foo.com,Adam,Randall
samantha.mclean@foo.com,Samantha,McLean
owen.ferguson@foo.com,Owen,Ferguson
ruth.davidson@foo.com,Ruth,Davidson
jake.avery@foo.com,Jake,Avery
luke.sharp@foo.com,Luke,Sharp
anna.glover@foo.com,Anna,Glover
yvonne.lee@foo.com,Yvonne,Lee
brandon.rutherford@foo.com,Brandon,Rutherford
austin.clarkson@foo.com,Austin,Clarkson
claire.may@foo.com,Claire,May
heather.cornish@foo.com,Heather,Cornish
leonard.roberts@foo.com,Leonard,Roberts
thomas.macdonald@foo.com,Thomas,MacDonald
rose.martin@foo.com,Rose,Martin
julian.campbell@foo.com,Julian,Campbell
austin.bower@foo.com,Austin,Bower
christian.murray@foo.com,Christian,Murray
heather.king@foo.com,Heather,King
sam.short@foo.com,Sam,Short
ian.rampling@foo.com,Ian,Rampling
ian.skinner@foo.com,Ian,Skinner
sam.quinn@foo.com,Sam,Quinn
amelia.ogden@foo.com,Amelia,Ogden
paul.davidson@foo.com,Paul,Davidson
vanessa.simpson@foo.com,Vanessa,Simpson
michelle.watson@foo.com,Michelle,Watson
nicholas.johnston@foo.com,Nicholas,Johnston
brian.hart@foo.com,Brian,Hart
rachel.randall@foo.com,Rachel,Randall
connor.poole@foo.com,Connor,Poole
abigail.arnold@foo.com,Abigail,Arnold
rachel.paterson@foo.com,Rachel,Paterson
grace.mills@foo.com,Grace,Mills
kylie.blake@foo.com,Kylie,Blake
richard.macleod@foo.com,Richard,MacLeod
nicholas.reid@foo.com,Nicholas,Reid
stephen.russell@foo.com,Stephen,Russell
sue.anderson@foo.com,Sue,Anderson
tracey.forsyth@foo.com,Tracey,Forsyth
alison.russell@foo.com,Alison,Russell
karen.bower@foo.com,Karen,Bower
carol.glover@foo.com,Carol,Glover
luke.lambert@foo.com,Luke,Lambert
thomas.mills@foo.com,Thomas,Mills
carolyn.oliver@foo.com,Carolyn,Oliver
alexander.hughes@foo.com,Alexander,Hughes
maria.taylor@foo.com,Maria,Taylor
connor.robertson@foo.com,Connor,Robertson
kevin.johnston@foo.com,Kevin,Johnston
ryan.watson@foo.com,Ryan,Watson
tracey.slater@foo.com,Tracey,Slater
carol.cornish@foo.com,Carol,Cornish
bernadette.paterson@foo.com,Bernadette,Paterson
una.fisher@foo.com,Una,Fisher
austin.kerr@foo.com,Austin,Kerr
eric.mackay@foo.com,Eric,Mackay
michelle.arnold@foo.com,Michelle,Arnold
jane.welch@foo.com,Jane,Welch
alison.avery@foo.com,Alison,Avery
sarah.ferguson@foo.com,Sarah,Ferguson
sophie.hemmings@foo.com,Sophie,Hemmings
alexander.fraser@foo.com,Alexander,Fraser
keith.wright@foo.com,Keith,Wright
wendy.terry@foo.com,Wendy,Terry
diana.gill@foo.com,Diana,Gill
anthony.brown@foo.com,Anthony,Brown
lucas.ogden@foo.com,Lucas,Ogden
robert.greene@foo.com,Robert,Greene
jane.rees@foo.com,Jane,Rees
sue.reid@foo.com,Sue,Reid
hannah.mitchell@foo.com,Hannah,Mitchell
carolyn.knox@foo.com,Carolyn,Knox
julia.vance@foo.com,Julia,Vance
jasmine.ogden@foo.com,Jasmine,Ogden
adam.brown@foo.com,Adam,Brown
adrian.ellison@foo.com,Adrian,Ellison
maria.cornish@foo.com,Maria,Cornish
dominic.harris@foo.com,Dominic,Harris
david.stewart@foo.com,David,Stewart
natalie.roberts@foo.com,Natalie,Roberts
andrew.mitchell@foo.com,Andrew,Mitchell
jan.short@foo.com,Jan,Short
nathan.avery@foo.com,Nathan,Avery
steven.powell@foo.com,Steven,Powell
dan.mackenzie@foo.com,Dan,Mackenzie
trevor.davidson@foo.com,Trevor,Davidson
stephanie.hunter@foo.com,Stephanie,Hunter
julia.anderson@foo.com,Julia,Anderson
emily.hemmings@foo.com,Emily,Hemmings
joan.glover@foo.com,Joan,Glover
stewart.taylor@foo.com,Stewart,Taylor
theresa.robertson@foo.com,Theresa,Robertson
michael.robertson@foo.com,Michael,Robertson
amelia.scott@foo.com,Amelia,Scott
frank.grant@foo.com,Frank,Grant
harry.king@foo.com,Harry,King
william.black@foo.com,William,Black
diane.ogden@foo.com,Diane,Ogden
benjamin.hardacre@foo.com,Benjamin,Hardacre
victor.fisher@foo.com,Victor,Fisher
gavin.parsons@foo.com,Gavin,Parsons
leah.hodges@foo.com,Leah,Hodges
richard.poole@foo.com,Richard,Poole
frank.springer@foo.com,Frank,Springer
michael.buckland@foo.com,Michael,Buckland
alexandra.alsop@foo.com,Alexandra,Alsop
gabrielle.short@foo.com,Gabrielle,Short
anna.greene@foo.com,Anna,Greene
gavin.arnold@foo.com,Gavin,Arnold
tim.dowd@foo.com,Tim,Dowd
peter.greene@foo.com,Peter,Greene
chloe.clarkson@foo.com,Chloe,Clarkson
diana.nolan@foo.com,Diana,Nolan
charles.hunter@foo.com,Charles,Hunter
amelia.burgess@foo.com,Amelia,Burgess
piers.welch@foo.com,Piers,Welch
rachel.gill@foo.com,Rachel,Gill
jacob.jackson@foo.com,Jacob,Jackson
penelope.pullman@foo.com,Penelope,Pullman
alexander.slater@foo.com,Alexander,Slater
isaac.fraser@foo.com,Isaac,Fraser
richard.fraser@foo.com,Richard,Fraser
claire.paige@foo.com,Claire,Paige
kimberly.marshall@foo.com,Kimberly,Marshall
emily.arnold@foo.com,Emily,Arnold
penelope.edmunds@foo.com,Penelope,Edmunds
max.coleman@foo.com,Max,Coleman
michael.knox@foo.com,Michael,Knox
connor.langdon@foo.com,Connor,Langdon
andrea.black@foo.com,Andrea,Black
anthony.ferguson@foo.com,Anthony,Ferguson
ian.cornish@foo.com,Ian,Cornish
owen.marshall@foo.com,Owen,Marshall
jasmine.oliver@foo.com,Jasmine,Oliver
jennifer.simpson@foo.com,Jennifer,Simpson
charles.butler@foo.com,Charles,Butler
lillian.butler@foo.com,Lillian,Butler
sam.peters@foo.com,Sam,Peters
lauren.hodges@foo.com,Lauren,Hodges
gabrielle.ince@foo.com,Gabrielle,Ince
jacob.clark@foo.com,Jacob,Clark
karen.stewart@foo.com,Karen,Stewart
joan.jones@foo.com,Joan,Jones
jason.bell@foo.com,Jason,Bell
nathan.young@foo.com,Nathan,Young
andrew.abraham@foo.com,Andrew,Abraham
sam.sanderson@foo.com,Sam,Sanderson
alexander.lyman@foo.com,Alexander,Lyman
ruth.watson@foo.com,Ruth,Watson
sally.pullman@foo.com,Sally,Pullman
amanda.parsons@foo.com,Amanda,Parsons
luke.berry@foo.com,Luke,Berry
kylie.ferguson@foo.com,Kylie,Ferguson
gordon.fisher@foo.com,Gordon,Fisher
peter.butler@foo.com,Peter,Butler
zoe.brown@foo.com,Zoe,Brown
sophie.ball@foo.com,Sophie,Ball
keith.hemmings@foo.com,Keith,Hemmings
simon.skinner@foo.com,Simon,Skinner
kevin.allan@foo.com,Kevin,Allan
julian.underwood@foo.com,Julian,Underwood
julia.piper@foo.com,Julia,Piper
grace.campbell@foo.com,Grace,Campbell
edward.peters@foo.com,Edward,Peters
nathan.gill@foo.com,Nathan,Gill
tim.lyman@foo.com,Tim,Lyman
owen.clark@foo.com,Owen,Clark
jennifer.hardacre@foo.com,Jennifer,Hardacre
sebastian.kerr@foo.com,Sebastian,Kerr
theresa.black@foo.com,Theresa,Black
jane.johnston@foo.com,Jane,Johnston
amy.bower@foo.com,Amy,Bower
wanda.mcgrath@foo.com,Wanda,McGrath
jennifer.chapman@foo.com,Jennifer,Chapman
rebecca.kerr@foo.com,Rebecca,Kerr
christopher.mathis@foo.com,Christopher,Mathis
adrian.carr@foo.com,Adrian,Carr
amanda.young@foo.com,Amanda,Young
steven.sharp@foo.com,Steven,Sharp
una.tucker@foo.com,Una,Tucker
jan.mackenzie@foo.com,Jan,Mackenzie
kylie.anderson@foo.com,Kylie,Anderson
anne.king@foo.com,Anne,King
alexandra.roberts@foo.com,Alexandra,Roberts
fiona.rees@foo.com,Fiona,Rees
ava.miller@foo.com,Ava,Miller
jan.welch@foo.com,Jan,Welch
joe.black@foo.com,Joe,Black
isaac.short@foo.com,Isaac,Short
abigail.allan@foo.com,Abigail,Allan
faith.mackay@foo.com,Faith,Mackay
ryan.davies@foo.com,Ryan,Davies
kimberly.taylor@foo.com,Kimberly,Taylor
joseph.tucker@foo.com,Joseph,Tucker
simon.piper@foo.com,Simon,Piper
stewart.jackson@foo.com,Stewart,Jackson
dominic.thomson@foo.com,Dominic,Thomson
julian.peake@foo.com,Julian,Peake
wanda.vaughan@foo.com,Wanda,Vaughan
simon.mcdonald@foo.com,Simon,McDonald
angela.macleod@foo.com,Angela,MacLeod
audrey.lambert@foo.com,Audrey,Lambert
sam.piper@foo.com,Sam,Piper
hannah.abraham@foo.com,Hannah,Abraham
alexander.dowd@foo.com,Alexander,Dowd
david.tucker@foo.com,David,Tucker
wendy.mclean@foo.com,Wendy,McLean
brian.piper@foo.com,Brian,Piper
robert.mcdonald@foo.com,Robert,McDonald
anthony.poole@foo.com,Anthony,Poole
amy.terry@foo.com,Amy,Terry
leonard.russell@foo.com,Leonard,Russell
rachel.vance@foo.com,Rachel,Vance
brandon.butler@foo.com,Brandon,Butler
eric.fraser@foo.com,Eric,Fraser
stephen.berry@foo.com,Stephen,Berry
ian.gill@foo.com,Ian,Gill
austin.morrison@foo.com,Austin,Morrison
alison.tucker@foo.com,Alison,Tucker
chloe.ball@foo.com,Chloe,Ball
alexander.hardacre@foo.com,Alexander,Hardacre
joshua.bell@foo.com,Joshua,Bell
gabrielle.hunter@foo.com,Gabrielle,Hunter
brandon.burgess@foo.com,Brandon,Burgess
ruth.slater@foo.com,Ruth,Slater
amy.young@foo.com,Amy,Young
jack.payne@foo.com,Jack,Payne
james.taylor@foo.com,James,Taylor
madeleine.hart@foo.com,Madeleine,Hart
oliver.campbell@foo.com,Oliver,Campbell
jessica.hemmings@foo.com,Jessica,Hemmings
bernadette.vaughan@foo.com,Bernadette,Vaughan
sonia.simpson@foo.com,Sonia,Simpson
joshua.dowd@foo.com,Joshua,Dowd
lily.wilkins@foo.com,Lily,Wilkins
leah.peake@foo.com,Leah,Peake
piers.bailey@foo.com,Piers,Bailey
grace.white@foo.com,Grace,White
jan.anderson@foo.com,Jan,Anderson
adam.oliver@foo.com,Adam,Oliver
michelle.payne@foo.com,Michelle,Payne
brandon.macleod@foo.com,Brandon,MacLeod
caroline.poole@foo.com,Caroline,Poole
edward.randall@foo.com,Edward,Randall
theresa.chapman@foo.com,Theresa,Chapman
adrian.springer@foo.com,Adrian,Springer
warren.hart@foo.com,Warren,Hart
zoe.avery@foo.com,Zoe,Avery
dorothy.fraser@foo.com,Dorothy,Fraser
carolyn.paige@foo.com,Carolyn,Paige
irene.oliver@foo.com,Irene,Oliver
heather.nash@foo.com,Heather,Nash
theresa.macdonald@foo.com,Theresa,MacDonald
lily.hemmings@foo.com,Lily,Hemmings
emma.powell@foo.com,Emma,Powell
claire.springer@foo.com,Claire,Springer
una.gill@foo.com,Una,Gill
brandon.hart@foo.com,Brandon,Hart
samantha.rutherford@foo.com,Samantha,Rutherford
bella.powell@foo.com,Bella,Powell
sally.mills@foo.com,Sally,Mills
virginia.north@foo.com,Virginia,North
madeleine.newman@foo.com,Madeleine,Newman
adam.manning@foo.com,Adam,Manning
owen.springer@foo.com,Owen,Springer
amy.oliver@foo.com,Amy,Oliver
leah.underwood@foo.com,Leah,Underwood
sonia.russell@foo.com,Sonia,Russell
diane.ball@foo.com,Diane,Ball
dorothy.cornish@foo.com,Dorothy,Cornish
joe.arnold@foo.com,Joe,Arnold
joan.lewis@foo.com,Joan,Lewis
christian.arnold@foo.com,Christian,Arnold
carolyn.pullman@foo.com,Carolyn,Pullman
angela.avery@foo.com,Angela,Avery
dorothy.hudson@foo.com,Dorothy,Hudson
steven.clark@foo.com,Steven,Clark
nathan.bower@foo.com,Nathan,Bower
james.thomson@foo.com,James,Thomson
alison.robertson@foo.com,Alison,Robertson
leah.davidson@foo.com,Leah,Davidson
heather.brown@foo.com,Heather,Brown
hannah.white@foo.com,Hannah,White
evan.mitchell@foo.com,Evan,Mitchell
nicholas.marshall@foo.com,Nicholas,Marshall
nicola.clark@foo.com,Nicola,Clark
katherine.ellison@foo.com,Katherine,Ellison
maria.bower@foo.com,Maria,Bower
david.payne@foo.com,David,Payne
rachel.watson@foo.com,Rachel,Watson
kimberly.gibson@foo.com,Kimberly,Gibson
liam.forsyth@foo.com,Liam,Forsyth
amy.alsop@foo.com,Amy,Alsop
alexandra.may@foo.com,Alexandra,May
jane.sutherland@foo.com,Jane,Sutherland
andrew.duncan@foo.com,Andrew,Duncan
carl.carr@foo.com,Carl,Carr
diane.gibson@foo.com,Diane,Gibson
stephanie.gray@foo.com,Stephanie,Gray
christian.nash@foo.com,Christian,Nash
heather.kelly@foo.com,Heather,Kelly
robert.may@foo.com,Robert,May
dominic.turner@foo.com,Dominic,Turner
alan.dyer@foo.com,Alan,Dyer
nicola.dyer@foo.com,Nicola,Dyer
justin.parsons@foo.com,Justin,Parsons
dorothy.walsh@foo.com,Dorothy,Walsh
victoria.mitchell@foo.com,Victoria,Mitchell
melanie.grant@foo.com,Melanie,Grant
bella.north@foo.com,Bella,North
harry.pullman@foo.com,Harry,Pullman
katherine.graham@foo.com,Katherine,Graham
donna.newman@foo.com,Donna,Newman
karen.hunter@foo.com,Karen,Hunter
victoria.white@foo.com,Victoria,White
piers.anderson@foo.com,Piers,Anderson
zoe.hunter@foo.com,Zoe,Hunter
kevin.churchill@foo.com,Kevin,Churchill
christopher.hodges@foo.com,Christopher,Hodges
heather.grant@foo.com,Heather,Grant
boris.burgess@foo.com,Boris,Burgess
dorothy.davies@foo.com,Dorothy,Davies
tracey.mackenzie@foo.com,Tracey,Mackenzie
grace.coleman@foo.com,Grace,Coleman
dan.fraser@foo.com,Dan,Fraser
neil.piper@foo.com,Neil,Piper
peter.wilkins@foo.com,Peter,Wilkins
stewart.gray@foo.com,Stewart,Gray
victor.ince@foo.com,Victor,Ince
maria.marshall@foo.com,Maria,Marshall
emma.lambert@foo.com,Emma,Lambert
owen.russell@foo.com,Owen,Russell
piers.glover@foo.com,Piers,Glover
fiona.quinn@foo.com,Fiona,Quinn
carl.dyer@foo.com,Carl,Dyer
dylan.mills@foo.com,Dylan,Mills
bernadette.cornish@foo.com,Bernadette,Cornish
rebecca.paige@foo.com,Rebecca,Paige
brian.slater@foo.com,Brian,Slater
christopher.james@foo.com,Christopher,James
charles.hamilton@foo.com,Charles,Hamilton
piers.walsh@foo.com,Piers,Walsh
stephanie.quinn@foo.com,Stephanie,Quinn
alexander.lewis@foo.com,Alexander,Lewis
peter.baker@foo.com,Peter,Baker
victor.smith@foo.com,Victor,Smith
jonathan.simpson@foo.com,Jonathan,Simpson
justin.marshall@foo.com,Justin,Marshall
william.sutherland@foo.com,William,Sutherland
alan.watson@foo.com,Alan,Watson
jake.brown@foo.com,Jake,Brown
piers.powell@foo.com,Piers,Powell
tim.gill@foo.com,Tim,Gill
heather.henderson@foo.com,Heather,Henderson
phil.marshall@foo.com,Phil,Marshall
emma.hardacre@foo.com,Emma,Hardacre
joanne.duncan@foo.com,Joanne,Duncan
caroline.clark@foo.com,Caroline,Clark
samantha.campbell@foo.com,Samantha,Campbell
william.dickens@foo.com,William,Dickens
anthony.fisher@foo.com,Anthony,Fisher
diana.baker@foo.com,Diana,Baker
nicholas.hemmings@foo.com,Nicholas,Hemmings
carol.north@foo.com,Carol,North
adam.vance@foo.com,Adam,Vance
dorothy.north@foo.com,Dorothy,North
carl.ball@foo.com,Carl,Ball
sebastian.arnold@foo.com,Sebastian,Arnold
colin.thomson@foo.com,Colin,Thomson
diana.duncan@foo.com,Diana,Duncan
jacob.alsop@foo.com,Jacob,Alsop
vanessa.chapman@foo.com,Vanessa,Chapman
emma.walsh@foo.com,Emma,Walsh
warren.arnold@foo.com,Warren,Arnold
gavin.johnston@foo.com,Gavin,Johnston
edward.pullman@foo.com,Edward,Pullman
sophie.dowd@foo.com,Sophie,Dowd
eric.ball@foo.com,Eric,Ball
theresa.rampling@foo.com,Theresa,Rampling
penelope.glover@foo.com,Penelope,Glover
vanessa.newman@foo.com,Vanessa,Newman
cameron.stewart@foo.com,Cameron,Stewart
peter.underwood@foo.com,Peter,Underwood
leah.bell@foo.com,Leah,Bell
tracey.pullman@foo.com,Tracey,Pullman
ava.simpson@foo.com,Ava,Simpson
frank.mitchell@foo.com,Frank,Mitchell
theresa.knox@foo.com,Theresa,Knox
joshua.mcgrath@foo.com,Joshua,McGrath
charles.marshall@foo.com,Charles,Marshall
stephen.taylor@foo.com,Stephen,Taylor
sophie.lambert@foo.com,Sophie,Lambert
deirdre.young@foo.com,Deirdre,Young
luke.johnston@foo.com,Luke,Johnston
steven.ball@foo.com,Steven,Ball
emma.macleod@foo.com,Emma,MacLeod
keith.butler@foo.com,Keith,Butler
jan.pullman@foo.com,Jan,Pullman
samantha.russell@foo.com,Samantha,Russell
natalie.mcdonald@foo.com,Natalie,McDonald
cameron.berry@foo.com,Cameron,Berry
julian.poole@foo.com,Julian,Poole
wendy.lawrence@foo.com,Wendy,Lawrence
austin.graham@foo.com,Austin,Graham
lucas.vance@foo.com,Lucas,Vance
ruth.abraham@foo.com,Ruth,Abraham
natalie.robertson@foo.com,Natalie,Robertson
leah.powell@foo.com,Leah,Powell
victor.alsop@foo.com,Victor,Alsop
sally.fraser@foo.com,Sally,Fraser
samantha.mills@foo.com,Samantha,Mills
una.anderson@foo.com,Una,Anderson
alan.hill@foo.com,Alan,Hill
claire.davies@foo.com,Claire,Davies
diane.blake@foo.com,Diane,Blake
eric.macdonald@foo.com,Eric,MacDonald
ian.jones@foo.com,Ian,Jones
caroline.newman@foo.com,Caroline,Newman
abigail.ball@foo.com,Abigail,Ball
maria.wallace@foo.com,Maria,Wallace
eric.bower@foo.com,Eric,Bower
anne.allan@foo.com,Anne,Allan
elizabeth.mitchell@foo.com,Elizabeth,Mitchell
melanie.carr@foo.com,Melanie,Carr
audrey.turner@foo.com,Audrey,Turner
melanie.wright@foo.com,Melanie,Wright
trevor.tucker@foo.com,Trevor,Tucker
rachel.piper@foo.com,Rachel,Piper
molly.may@foo.com,Molly,May
tim.knox@foo.com,Tim,Knox
blake.avery@foo.com,Blake,Avery
lillian.gill@foo.com,Lillian,Gill
kevin.watson@foo.com,Kevin,Watson
alexander.clark@foo.com,Alexander,Clark
trevor.martin@foo.com,Trevor,Martin
jan.hamilton@foo.com,Jan,Hamilton
grace.harris@foo.com,Grace,Harris
anna.wright@foo.com,Anna,Wright
keith.peake@foo.com,Keith,Peake
lily.sanderson@foo.com,Lily,Sanderson
deirdre.duncan@foo.com,Deirdre,Duncan
richard.duncan@foo.com,Richard,Duncan
pippa.ellison@foo.com,Pippa,Ellison
carl.vaughan@foo.com,Carl,Vaughan
tim.short@foo.com,Tim,Short
keith.roberts@foo.com,Keith,Roberts
simon.harris@foo.com,Simon,Harris
leah.ross@foo.com,Leah,Ross
sarah.dickens@foo.com,Sarah,Dickens
gordon.ince@foo.com,Gordon,Ince
boris.turner@foo.com,Boris,Turner
karen.avery@foo.com,Karen,Avery
caroline.berry@foo.com,Caroline,Berry
david.lawrence@foo.com,David,Lawrence
benjamin.blake@foo.com,Benjamin,Blake
claire.short@foo.com,Claire,Short
sebastian.vaughan@foo.com,Sebastian,Vaughan
frank.alsop@foo.com,Frank,Alsop
justin.tucker@foo.com,Justin,Tucker
thomas.white@foo.com,Thomas,White
ian.king@foo.com,Ian,King
phil.bailey@foo.com,Phil,Bailey
joseph.hill@foo.com,Joseph,Hill
michael.hodges@foo.com,Michael,Hodges
tracey.avery@foo.com,Tracey,Avery
christopher.berry@foo.com,Christopher,Berry
john.mcgrath@foo.com,John,McGrath
charles.ogden@foo.com,Charles,Ogden
owen.quinn@foo.com,Owen,Quinn
fiona.underwood@foo.com,Fiona,Underwood
anna.harris@foo.com,Anna,Harris
carol.clarkson@foo.com,Carol,Clarkson
alexander.hamilton@foo.com,Alexander,Hamilton
sam.reid@foo.com,Sam,Reid
sally.robertson@foo.com,Sally,Robertson
piers.blake@foo.com,Piers,Blake
nicholas.murray@foo.com,Nicholas,Murray
gordon.lambert@foo.com,Gordon,Lambert
adrian.king@foo.com,Adrian,King
irene.simpson@foo.com,Irene,Simpson
joshua.davies@foo.com,Joshua,Davies
adam.anderson@foo.com,Adam,Anderson
fiona.jones@foo.com,Fiona,Jones
kimberly.sharp@foo.com,Kimberly,Sharp
luke.churchill@foo.com,Luke,Churchill
sonia.lyman@foo.com,Sonia,Lyman
carl.turner@foo.com,Carl,Turner
boris.glover@foo.com,Boris,Glover
bella.fisher@foo.com,Bella,Fisher
sean.walsh@foo.com,Sean,Walsh
jack.thomson@foo.com,Jack,Thomson
victor.macleod@foo.com,Victor,MacLeod
brandon.graham@foo.com,Brandon,Graham
virginia.sanderson@foo.com,Virginia,Sanderson
lucas.davidson@foo.com,Lucas,Davidson
julian.gibson@foo.com,Julian,Gibson
pippa.paterson@foo.com,Pippa,Paterson
jacob.hodges@foo.com,Jacob,Hodges
dan.murray@foo.com,Dan,Murray
stewart.james@foo.com,Stewart,James
molly.howard@foo.com,Molly,Howard
john.murray@foo.com,John,Murray
carl.manning@foo.com,Carl,Manning
trevor.sutherland@foo.com,Trevor,Sutherland
richard.smith@foo.com,Richard,Smith
carl.grant@foo.com,Carl,Grant
kimberly.macleod@foo.com,Kimberly,MacLeod
thomas.sanderson@foo.com,Thomas,Sanderson
angela.newman@foo.com,Angela,Newman
jack.cameron@foo.com,Jack,Cameron
ruth.kelly@foo.com,Ruth,Kelly
brandon.abraham@foo.com,Brandon,Abraham
samantha.rampling@foo.com,Samantha,Rampling
jacob.lambert@foo.com,Jacob,Lambert
wendy.mcdonald@foo.com,Wendy,McDonald
theresa.metcalfe@foo.com,Theresa,Metcalfe
wendy.payne@foo.com,Wendy,Payne
ella.wilkins@foo.com,Ella,Wilkins
christian.clark@foo.com,Christian,Clark
sophie.terry@foo.com,Sophie,Terry
una.macdonald@foo.com,Una,MacDonald
theresa.ross@foo.com,Theresa,Ross
neil.murray@foo.com,Neil,Murray
austin.walker@foo.com,Austin,Walker
owen.underwood@foo.com,Owen,Underwood
donna.metcalfe@foo.com,Donna,Metcalfe
leonard.rees@foo.com,Leonard,Rees
simon.hudson@foo.com,Simon,Hudson
steven.pullman@foo.com,Steven,Pullman
stephen.wright@foo.com,Stephen,Wright
molly.butler@foo.com,Molly,Butler
nathan.smith@foo.com,Nathan,Smith
jennifer.rampling@foo.com,Jennifer,Rampling
alexandra.rees@foo.com,Alexandra,Rees
karen.hart@foo.com,Karen,Hart
richard.abraham@foo.com,Richard,Abraham
megan.simpson@foo.com,Megan,Simpson
eric.davies@foo.com,Eric,Davies
melanie.hardacre@foo.com,Melanie,Hardacre
neil.chapman@foo.com,Neil,Chapman
amanda.allan@foo.com,Amanda,Allan
victor.taylor@foo.com,Victor,Taylor
ruth.sharp@foo.com,Ruth,Sharp
anne.mcdonald@foo.com,Anne,McDonald
edward.marshall@foo.com,Edward,Marshall
ella.jackson@foo.com,Ella,Jackson
ruth.clark@foo.com,Ruth,Clark
lisa.fisher@foo.com,Lisa,Fisher
alexander.mclean@foo.com,Alexander,McLean
madeleine.dyer@foo.com,Madeleine,Dyer
dan.newman@foo.com,Dan,Newman
thomas.howard@foo.com,Thomas,Howard
julia.abraham@foo.com,Julia,Abraham
vanessa.miller@foo.com,Vanessa,Miller
jasmine.graham@foo.com,Jasmine,Graham
joseph.clarkson@foo.com,Joseph,Clarkson
emma.gill@foo.com,Emma,Gill
joshua.vaughan@foo.com,Joshua,Vaughan
jessica.mcgrath@foo.com,Jessica,McGrath
stewart.marshall@foo.com,Stewart,Marshall
rachel.murray@foo.com,Rachel,Murray
brian.mills@foo.com,Brian,Mills
olivia.clarkson@foo.com,Olivia,Clarkson
gavin.reid@foo.com,Gavin,Reid
emily.mackenzie@foo.com,Emily,Mackenzie
amy.peake@foo.com,Amy,Peake
joseph.burgess@foo.com,Joseph,Burgess
lucas.parsons@foo.com,Lucas,Parsons
irene.knox@foo.com,Irene,Knox
max.hill@foo.com,Max,Hill
andrew.clark@foo.com,Andrew,Clark
carolyn.slater@foo.com,Carolyn,Slater
lily.tucker@foo.com,Lily,Tucker
brandon.bell@foo.com,Brandon,Bell
carol.james@foo.com,Carol,James
lauren.macleod@foo.com,Lauren,MacLeod
hannah.bond@foo.com,Hannah,Bond
adrian.rees@foo.com,Adrian,Rees
michelle.metcalfe@foo.com,Michelle,Metcalfe
sarah.king@foo.com,Sarah,King
theresa.mills@foo.com,Theresa,Mills
madeleine.sharp@foo.com,Madeleine,Sharp
justin.harris@foo.com,Justin,Harris
julian.bell@foo.com,Julian,Bell
dylan.lambert@foo.com,Dylan,Lambert
harry.james@foo.com,Harry,James
jason.rees@foo.com,Jason,Rees
wendy.cornish@foo.com,Wendy,Cornish
stephanie.ince@foo.com,Stephanie,Ince
owen.brown@foo.com,Owen,Brown
angela.graham@foo.com,Angela,Graham
adrian.poole@foo.com,Adrian,Poole
christian.bailey@foo.com,Christian,Bailey
dominic.robertson@foo.com,Dominic,Robertson
theresa.jackson@foo.com,Theresa,Jackson
owen.thomson@foo.com,Owen,Thomson
adam.glover@foo.com,Adam,Glover
rebecca.tucker@foo.com,Rebecca,Tucker
deirdre.newman@foo.com,Deirdre,Newman
andrea.nash@foo.com,Andrea,Nash
harry.turner@foo.com,Harry,Turner
madeleine.berry@foo.com,Madeleine,Berry
leah.rutherford@foo.com,Leah,Rutherford
sarah.davies@foo.com,Sarah,Davies
brian.lambert@foo.com,Brian,Lambert
heather.scott@foo.com,Heather,Scott
brandon.lee@foo.com,Brandon,Lee
simon.dyer@foo.com,Simon,Dyer
maria.grant@foo.com,Maria,Grant
owen.paige@foo.com,Owen,Paige
kevin.rees@foo.com,Kevin,Rees
molly.reid@foo.com,Molly,Reid
joan.avery@foo.com,Joan,Avery
jake.james@foo.com,Jake,James
carl.dickens@foo.com,Carl,Dickens
amelia.rutherford@foo.com,Amelia,Rutherford
theresa.berry@foo.com,Theresa,Berry
ryan.parr@foo.com,Ryan,Parr
trevor.brown@foo.com,Trevor,Brown
amelia.springer@foo.com,Amelia,Springer
zoe.mackenzie@foo.com,Zoe,Mackenzie
gavin.peake@foo.com,Gavin,Peake
jack.walsh@foo.com,Jack,Walsh
edward.wilkins@foo.com,Edward,Wilkins
leonard.ellison@foo.com,Leonard,Ellison
joan.ince@foo.com,Joan,Ince
carl.clarkson@foo.com,Carl,Clarkson
isaac.sharp@foo.com,Isaac,Sharp
alison.glover@foo.com,Alison,Glover
pippa.north@foo.com,Pippa,North
boris.butler@foo.com,Boris,Butler
rebecca.coleman@foo.com,Rebecca,Coleman
frank.king@foo.com,Frank,King
carl.skinner@foo.com,Carl,Skinner
melanie.hamilton@foo.com,Melanie,Hamilton
joanne.mcdonald@foo.com,Joanne,McDonald
oliver.cameron@foo.com,Oliver,Cameron
sean.parr@foo.com,Sean,Parr
elizabeth.tucker@foo.com,Elizabeth,Tucker
nathan.coleman@foo.com,Nathan,Coleman
colin.lee@foo.com,Colin,Lee
ruth.dowd@foo.com,Ruth,Dowd
evan.james@foo.com,Evan,James
sean.berry@foo.com,Sean,Berry
lillian.piper@foo.com,Lillian,Piper
andrew.chapman@foo.com,Andrew,Chapman
andrea.powell@foo.com,Andrea,Powell
penelope.mclean@foo.com,Penelope,McLean
joan.reid@foo.com,Joan,Reid
benjamin.johnston@foo.com,Benjamin,Johnston
zoe.hemmings@foo.com,Zoe,Hemmings
dan.vaughan@foo.com,Dan,Vaughan
stewart.buckland@foo.com,Stewart,Buckland
robert.lee@foo.com,Robert,Lee
dan.parsons@foo.com,Dan,Parsons
deirdre.tucker@foo.com,Deirdre,Tucker
alison.ferguson@foo.com,Alison,Ferguson
leah.welch@foo.com,Leah,Welch
ava.ellison@foo.com,Ava,Ellison
richard.hodges@foo.com,Richard,Hodges
abigail.young@foo.com,Abigail,Young
rachel.edmunds@foo.com,Rachel,Edmunds
gordon.rampling@foo.com,Gordon,Rampling
max.hemmings@foo.com,Max,Hemmings
vanessa.gill@foo.com,Vanessa,Gill
julian.lee@foo.com,Julian,Lee
leah.nolan@foo.com,Leah,Nolan
samantha.hunter@foo.com,Samantha,Hunter
irene.payne@foo.com,Irene,Payne
christian.white@foo.com,Christian,White
donna.miller@foo.com,Donna,Miller
mary.ellison@foo.com,Mary,Ellison
diane.randall@foo.com,Diane,Randall
amanda.king@foo.com,Amanda,King
richard.buckland@foo.com,Richard,Buckland
jane.hughes@foo.com,Jane,Hughes
benjamin.newman@foo.com,Benjamin,Newman
robert.walsh@foo.com,Robert,Walsh
caroline.mackenzie@foo.com,Caroline,Mackenzie
max.lee@foo.com,Max,Lee
una.peters@foo.com,Una,Peters
dorothy.lambert@foo.com,Dorothy,Lambert
colin.oliver@foo.com,Colin,Oliver
rose.berry@foo.com,Rose,Berry
rachel.morrison@foo.com,Rachel,Morrison
ian.duncan@foo.com,Ian,Duncan
carolyn.watson@foo.com,Carolyn,Watson
amanda.clark@foo.com,Amanda,Clark
lily.oliver@foo.com,Lily,Oliver
trevor.slater@foo.com,Trevor,Slater
liam.payne@foo.com,Liam,Payne
john.knox@foo.com,John,Knox
harry.smith@foo.com,Harry,Smith
deirdre.skinner@foo.com,Deirdre,Skinner
john.parsons@foo.com,John,Parsons
jack.vance@foo.com,Jack,Vance
gavin.bower@foo.com,Gavin,Bower
wendy.churchill@foo.com,Wendy,Churchill
penelope.brown@foo.com,Penelope,Brown
tracey.miller@foo.com,Tracey,Miller
justin.parr@foo.com,Justin,Parr
megan.dowd@foo.com,Megan,Dowd
sarah.morgan@foo.com,Sarah,Morgan
peter.miller@foo.com,Peter,Miller
michelle.allan@foo.com,Michelle,Allan
wanda.young@foo.com,Wanda,Young
olivia.paterson@foo.com,Olivia,Paterson
kimberly.langdon@foo.com,Kimberly,Langdon
austin.newman@foo.com,Austin,Newman
karen.mathis@foo.com,Karen,Mathis
andrew.glover@foo.com,Andrew,Glover
warren.peake@foo.com,Warren,Peake
anthony.james@foo.com,Anthony,James
sam.mclean@foo.com,Sam,McLean
karen.nolan@foo.com,Karen,Nolan
julian.marshall@foo.com,Julian,Marshall
jessica.ball@foo.com,Jessica,Ball
mary.hunter@foo.com,Mary,Hunter
keith.james@foo.com,Keith,James
frank.young@foo.com,Frank,Young
bella.young@foo.com,Bella,Young
alan.murray@foo.com,Alan,Murray
christian.thomson@foo.com,Christian,Thomson
julian.howard@foo.com,Julian,Howard
james.kerr@foo.com,James,Kerr
victor.stewart@foo.com,Victor,Stewart
natalie.avery@foo.com,Natalie,Avery
kylie.murray@foo.com,Kylie,Murray
lillian.dowd@foo.com,Lillian,Dowd
lucas.hodges@foo.com,Lucas,Hodges
david.knox@foo.com,David,Knox
stewart.hill@foo.com,Stewart,Hill
thomas.fraser@foo.com,Thomas,Fraser
tim.avery@foo.com,Tim,Avery
william.morrison@foo.com,William,Morrison
julian.wilson@foo.com,Julian,Wilson
carolyn.henderson@foo.com,Carolyn,Henderson
jan.walsh@foo.com,Jan,Walsh
sarah.henderson@foo.com,Sarah,Henderson
jason.taylor@foo.com,Jason,Taylor
lisa.avery@foo.com,Lisa,Avery
james.dowd@foo.com,James,Dowd
melanie.manning@foo.com,Melanie,Manning
megan.russell@foo.com,Megan,Russell
alan.parr@foo.com,Alan,Parr
amy.hodges@foo.com,Amy,Hodges
jasmine.murray@foo.com,Jasmine,Murray
joan.hardacre@foo.com,Joan,Hardacre
christopher.oliver@foo.com,Christopher,Oliver
sam.burgess@foo.com,Sam,Burgess
michelle.murray@foo.com,Michelle,Murray
christian.robertson@foo.com,Christian,Robertson
grace.underwood@foo.com,Grace,Underwood
elizabeth.davies@foo.com,Elizabeth,Davies
alexander.brown@foo.com,Alexander,Brown
stephen.davies@foo.com,Stephen,Davies
wendy.miller@foo.com,Wendy,Miller
carol.mcgrath@foo.com,Carol,McGrath
frank.nash@foo.com,Frank,Nash
lillian.newman@foo.com,Lillian,Newman
owen.berry@foo.com,Owen,Berry
grace.smith@foo.com,Grace,Smith
max.grant@foo.com,Max,Grant
julian.powell@foo.com,Julian,Powell
adam.ferguson@foo.com,Adam,Ferguson
richard.welch@foo.com,Richard,Welch
rose.parr@foo.com,Rose,Parr
thomas.lewis@foo.com,Thomas,Lewis
elizabeth.vance@foo.com,Elizabeth,Vance
lucas.bell@foo.com,Lucas,Bell
theresa.simpson@foo.com,Theresa,Simpson
mary.hart@foo.com,Mary,Hart
wanda.morrison@foo.com,Wanda,Morrison
samantha.pullman@foo.com,Samantha,Pullman
james.reid@foo.com,James,Reid
jasmine.kelly@foo.com,Jasmine,Kelly
jan.lyman@foo.com,Jan,Lyman
sonia.hunter@foo.com,Sonia,Hunter
jan.wilson@foo.com,Jan,Wilson
emily.clarkson@foo.com,Emily,Clarkson
gabrielle.oliver@foo.com,Gabrielle,Oliver
luke.wallace@foo.com,Luke,Wallace
maria.harris@foo.com,Maria,Harris
adam.alsop@foo.com,Adam,Alsop
donna.mills@foo.com,Donna,Mills
sean.powell@foo.com,Sean,Powell
jonathan.churchill@foo.com,Jonathan,Churchill
adrian.mathis@foo.com,Adrian,Mathis
diane.terry@foo.com,Diane,Terry
grace.peake@foo.com,Grace,Peake
tim.north@foo.com,Tim,North
lisa.pullman@foo.com,Lisa,Pullman
benjamin.gill@foo.com,Benjamin,Gill
zoe.rutherford@foo.com,Zoe,Rutherford
john.johnston@foo.com,John,Johnston
charles.mackenzie@foo.com,Charles,Mackenzie
keith.scott@foo.com,Keith,Scott
jasmine.peake@foo.com,Jasmine,Peake
richard.jackson@foo.com,Richard,Jackson
stewart.martin@foo.com,Stewart,Martin
vanessa.hughes@foo.com,Vanessa,Hughes
lucas.oliver@foo.com,Lucas,Oliver
dominic.watson@foo.com,Dominic,Watson
kevin.grant@foo.com,Kevin,Grant
pippa.knox@foo.com,Pippa,Knox
alan.powell@foo.com,Alan,Powell
zoe.cornish@foo.com,Zoe,Cornish
natalie.hart@foo.com,Natalie,Hart
carl.sanderson@foo.com,Carl,Sanderson
lily.clark@foo.com,Lily,Clark
sophie.lawrence@foo.com,Sophie,Lawrence
sophie.gill@foo.com,Sophie,Gill
brandon.sanderson@foo.com,Brandon,Sanderson
virginia.kelly@foo.com,Virginia,Kelly
joe.nolan@foo.com,Joe,Nolan
alan.fisher@foo.com,Alan,Fisher
julian.fisher@foo.com,Julian,Fisher
faith.walsh@foo.com,Faith,Walsh
alexandra.cameron@foo.com,Alexandra,Cameron
yvonne.newman@foo.com,Yvonne,Newman
sean.glover@foo.com,Sean,Glover
sally.black@foo.com,Sally,Black
jason.metcalfe@foo.com,Jason,Metcalfe
natalie.macleod@foo.com,Natalie,MacLeod
sarah.payne@foo.com,Sarah,Payne
andrea.skinner@foo.com,Andrea,Skinner
irene.grant@foo.com,Irene,Grant
benjamin.wallace@foo.com,Benjamin,Wallace
brian.murray@foo.com,Brian,Murray
jonathan.nolan@foo.com,Jonathan,Nolan
paul.lambert@foo.com,Paul,Lambert
lucas.hart@foo.com,Lucas,Hart
benjamin.parsons@foo.com,Benjamin,Parsons
olivia.mitchell@foo.com,Olivia,Mitchell
emma.ross@foo.com,Emma,Ross
samantha.gill@foo.com,Samantha,Gill
simon.edmunds@foo.com,Simon,Edmunds
victor.marshall@foo.com,Victor,Marshall
edward.clark@foo.com,Edward,Clark
jasmine.fraser@foo.com,Jasmine,Fraser
claire.peake@foo.com,Claire,Peake
jessica.hart@foo.com,Jessica,Hart
rebecca.mackay@foo.com,Rebecca,Mackay
trevor.peake@foo.com,Trevor,Peake
julia.berry@foo.com,Julia,Berry
tim.hemmings@foo.com,Tim,Hemmings
diana.walsh@foo.com,Diana,Walsh
liam.cornish@foo.com,Liam,Cornish
gordon.dowd@foo.com,Gordon,Dowd
stephanie.graham@foo.com,Stephanie,Graham
kevin.hart@foo.com,Kevin,Hart
sophie.newman@foo.com,Sophie,Newman
kevin.macdonald@foo.com,Kevin,MacDonald
leonard.graham@foo.com,Leonard,Graham
jessica.fraser@foo.com,Jessica,Fraser
felicity.thomson@foo.com,Felicity,Thomson
molly.black@foo.com,Molly,Black
leonard.rampling@foo.com,Leonard,Rampling
adrian.clarkson@foo.com,Adrian,Clarkson
peter.russell@foo.com,Peter,Russell
michelle.mitchell@foo.com,Michelle,Mitchell
theresa.mathis@foo.com,Theresa,Mathis
nathan.peters@foo.com,Nathan,Peters
yvonne.knox@foo.com,Yvonne,Knox
austin.cornish@foo.com,Austin,Cornish
sarah.lee@foo.com,Sarah,Lee
joe.hodges@foo.com,Joe,Hodges
grace.rutherford@foo.com,Grace,Rutherford
ella.payne@foo.com,Ella,Payne
alexander.taylor@foo.com,Alexander,Taylor
grace.grant@foo.com,Grace,Grant
joan.hughes@foo.com,Joan,Hughes
anna.clarkson@foo.com,Anna,Clarkson
oliver.mitchell@foo.com,Oliver,Mitchell
victor.king@foo.com,Victor,King
madeleine.alsop@foo.com,Madeleine,Alsop
boris.scott@foo.com,Boris,Scott
steven.chapman@foo.com,Steven,Chapman
brian.smith@foo.com,Brian,Smith
virginia.martin@foo.com,Virginia,Martin
amanda.cornish@foo.com,Amanda,Cornish
kimberly.cameron@foo.com,Kimberly,Cameron
claire.buckland@foo.com,Claire,Buckland
diana.hudson@foo.com,Diana,Hudson
neil.forsyth@foo.com,Neil,Forsyth
ryan.vaughan@foo.com,Ryan,Vaughan
matt.dyer@foo.com,Matt,Dyer
sean.robertson@foo.com,Sean,Robertson
phil.watson@foo.com,Phil,Watson
frank.simpson@foo.com,Frank,Simpson
jake.turner@foo.com,Jake,Turner
gordon.blake@foo.com,Gordon,Blake
emily.dyer@foo.com,Emily,Dyer
sarah.robertson@foo.com,Sarah,Robertson
leonard.skinner@foo.com,Leonard,Skinner
ruth.scott@foo.com,Ruth,Scott
jake.morrison@foo.com,Jake,Morrison
anne.poole@foo.com,Anne,Poole
alexander.arnold@foo.com,Alexander,Arnold
zoe.hill@foo.com,Zoe,Hill
abigail.oliver@foo.com,Abigail,Oliver
michelle.springer@foo.com,Michelle,Springer
gavin.mitchell@foo.com,Gavin,Mitchell
sarah.ogden@foo.com,Sarah,Ogden
sally.metcalfe@foo.com,Sally,Metcalfe
virginia.lee@foo.com,Virginia,Lee
madeleine.macdonald@foo.com,Madeleine,MacDonald
andrea.parsons@foo.com,Andrea,Parsons
liam.mills@foo.com,Liam,Mills
edward.coleman@foo.com,Edward,Coleman
liam.knox@foo.com,Liam,Knox
benjamin.springer@foo.com,Benjamin,Springer
donna.mclean@foo.com,Donna,McLean
jacob.kerr@foo.com,Jacob,Kerr
vanessa.edmunds@foo.com,Vanessa,Edmunds
vanessa.reid@foo.com,Vanessa,Reid
anne.springer@foo.com,Anne,Springer
william.king@foo.com,William,King
max.butler@foo.com,Max,Butler
gordon.alsop@foo.com,Gordon,Alsop
oliver.kelly@foo.com,Oliver,Kelly
james.brown@foo.com,James,Brown
brandon.oliver@foo.com,Brandon,Oliver
lucas.kerr@foo.com,Lucas,Kerr
rose.davies@foo.com,Rose,Davies
carolyn.hill@foo.com,Carolyn,Hill
william.murray@foo.com,William,Murray
steven.macleod@foo.com,Steven,MacLeod
connor.oliver@foo.com,Connor,Oliver
stephanie.piper@foo.com,Stephanie,Piper
jane.ellison@foo.com,Jane,Ellison
karen.bell@foo.com,Karen,Bell
peter.pullman@foo.com,Peter,Pullman
nicola.hughes@foo.com,Nicola,Hughes
anne.white@foo.com,Anne,White
simon.rampling@foo.com,Simon,Rampling
nathan.gray@foo.com,Nathan,Gray
carolyn.jackson@foo.com,Carolyn,Jackson
christian.powell@foo.com,Christian,Powell
boris.lyman@foo.com,Boris,Lyman
sue.ogden@foo.com,Sue,Ogden
robert.macdonald@foo.com,Robert,MacDonald
christian.lyman@foo.com,Christian,Lyman
jack.taylor@foo.com,Jack,Taylor
william.newman@foo.com,William,Newman
gabrielle.nash@foo.com,Gabrielle,Nash
nicola.nash@foo.com,Nicola,Nash
natalie.gill@foo.com,Natalie,Gill
jan.young@foo.com,Jan,Young
victoria.clark@foo.com,Victoria,Clark
keith.clarkson@foo.com,Keith,Clarkson
sarah.welch@foo.com,Sarah,Welch
austin.miller@foo.com,Austin,Miller
oliver.bower@foo.com,Oliver,Bower
nicola.brown@foo.com,Nicola,Brown
alexander.macleod@foo.com,Alexander,MacLeod
benjamin.ferguson@foo.com,Benjamin,Ferguson
grace.cornish@foo.com,Grace,Cornish
victor.lee@foo.com,Victor,Lee
julian.randall@foo.com,Julian,Randall
angela.stewart@foo.com,Angela,Stewart
warren.glover@foo.com,Warren,Glover
dylan.north@foo.com,Dylan,North
colin.ogden@foo.com,Colin,Ogden
julian.graham@foo.com,Julian,Graham
evan.welch@foo.com,Evan,Welch
theresa.scott@foo.com,Theresa,Scott
brandon.churchill@foo.com,Brandon,Churchill
jonathan.avery@foo.com,Jonathan,Avery
alison.mitchell@foo.com,Alison,Mitchell
sarah.hunter@foo.com,Sarah,Hunter
maria.arnold@foo.com,Maria,Arnold
benjamin.taylor@foo.com,Benjamin,Taylor
tim.gray@foo.com,Tim,Gray
christopher.ogden@foo.com,Christopher,Ogden
stephen.robertson@foo.com,Stephen,Robertson
benjamin.wright@foo.com,Benjamin,Wright
benjamin.lawrence@foo.com,Benjamin,Lawrence
sarah.bond@foo.com,Sarah,Bond
joe.carr@foo.com,Joe,Carr
colin.sutherland@foo.com,Colin,Sutherland
gavin.metcalfe@foo.com,Gavin,Metcalfe
victoria.dowd@foo.com,Victoria,Dowd
matt.parr@foo.com,Matt,Parr
michael.greene@foo.com,Michael,Greene
john.payne@foo.com,John,Payne
sophie.hart@foo.com,Sophie,Hart
colin.roberts@foo.com,Colin,Roberts
william.kerr@foo.com,William,Kerr
jason.poole@foo.com,Jason,Poole
dominic.ince@foo.com,Dominic,Ince
david.lee@foo.com,David,Lee
hannah.coleman@foo.com,Hannah,Coleman
sarah.bailey@foo.com,Sarah,Bailey
wendy.wallace@foo.com,Wendy,Wallace
carol.pullman@foo.com,Carol,Pullman
theresa.lawrence@foo.com,Theresa,Lawrence
ruth.chapman@foo.com,Ruth,Chapman
diane.abraham@foo.com,Diane,Abraham
dylan.carr@foo.com,Dylan,Carr
amanda.scott@foo.com,Amanda,Scott
grace.mitchell@foo.com,Grace,Mitchell
lucas.ferguson@foo.com,Lucas,Ferguson
pippa.baker@foo.com,Pippa,Baker
lillian.turner@foo.com,Lillian,Turner
thomas.clarkson@foo.com,Thomas,Clarkson
michael.forsyth@foo.com,Michael,Forsyth
mary.simpson@foo.com,Mary,Simpson
lucas.powell@foo.com,Lucas,Powell
stephen.gill@foo.com,Stephen,Gill
evan.ellison@foo.com,Evan,Ellison
eric.king@foo.com,Eric,King
peter.peake@foo.com,Peter,Peake
nicola.paige@foo.com,Nicola,Paige
carol.ross@foo.com,Carol,Ross
virginia.dickens@foo.com,Virginia,Dickens
robert.davies@foo.com,Robert,Davies
carol.greene@foo.com,Carol,Greene
sophie.tucker@foo.com,Sophie,Tucker
ella.robertson@foo.com,Ella,Robertson
lily.gray@foo.com,Lily,Gray
anna.martin@foo.com,Anna,Martin
sonia.glover@foo.com,Sonia,Glover
stephanie.manning@foo.com,Stephanie,Manning
ella.manning@foo.com,Ella,Manning
eric.johnston@foo.com,Eric,Johnston
pippa.black@foo.com,Pippa,Black
jonathan.sutherland@foo.com,Jonathan,Sutherland
melanie.welch@foo.com,Melanie,Welch
nicholas.arnold@foo.com,Nicholas,Arnold
lauren.terry@foo.com,Lauren,Terry
zoe.henderson@foo.com,Zoe,Henderson
stewart.glover@foo.com,Stewart,Glover
john.quinn@foo.com,John,Quinn
ian.hudson@foo.com,Ian,Hudson
tim.anderson@foo.com,Tim,Anderson
dorothy.morgan@foo.com,Dorothy,Morgan
isaac.arnold@foo.com,Isaac,Arnold
anna.mclean@foo.com,Anna,McLean
dylan.gray@foo.com,Dylan,Gray
abigail.jackson@foo.com,Abigail,Jackson
steven.underwood@foo.com,Steven,Underwood
katherine.springer@foo.com,Katherine,Springer
madeleine.hardacre@foo.com,Madeleine,Hardacre
ian.ross@foo.com,Ian,Ross
liam.avery@foo.com,Liam,Avery
donna.powell@foo.com,Donna,Powell
harry.clarkson@foo.com,Harry,Clarkson
maria.clark@foo.com,Maria,Clark
gordon.coleman@foo.com,Gordon,Coleman
carolyn.coleman@foo.com,Carolyn,Coleman
michael.peake@foo.com,Michael,Peake
lucas.poole@foo.com,Lucas,Poole
phil.dickens@foo.com,Phil,Dickens
lauren.roberts@foo.com,Lauren,Roberts
tim.wright@foo.com,Tim,Wright
anna.alsop@foo.com,Anna,Alsop
jason.nash@foo.com,Jason,Nash
donna.springer@foo.com,Donna,Springer
alan.wright@foo.com,Alan,Wright
andrea.sutherland@foo.com,Andrea,Sutherland
sarah.hughes@foo.com,Sarah,Hughes
isaac.ball@foo.com,Isaac,Ball
gavin.langdon@foo.com,Gavin,Langdon
john.king@foo.com,John,King
rebecca.underwood@foo.com,Rebecca,Underwood
amy.wilkins@foo.com,Amy,Wilkins
irene.campbell@foo.com,Irene,Campbell
caroline.morrison@foo.com,Caroline,Morrison
stephanie.jackson@foo.com,Stephanie,Jackson
hannah.dowd@foo.com,Hannah,Dowd
katherine.campbell@foo.com,Katherine,Campbell
hannah.ferguson@foo.com,Hannah,Ferguson
lillian.hudson@foo.com,Lillian,Hudson
mary.young@foo.com,Mary,Young
michelle.lyman@foo.com,Michelle,Lyman
jonathan.peters@foo.com,Jonathan,Peters
jane.springer@foo.com,Jane,Springer
victoria.hill@foo.com,Victoria,Hill
lauren.ellison@foo.com,Lauren,Ellison
felicity.clark@foo.com,Felicity,Clark
sam.johnston@foo.com,Sam,Johnston
dan.thomson@foo.com,Dan,Thomson
alexandra.nolan@foo.com,Alexandra,Nolan
claire.sharp@foo.com,Claire,Sharp
andrea.hardacre@foo.com,Andrea,Hardacre
lucas.gray@foo.com,Lucas,Gray
maria.buckland@foo.com,Maria,Buckland
alison.simpson@foo.com,Alison,Simpson
olivia.parsons@foo.com,Olivia,Parsons
zoe.reid@foo.com,Zoe,Reid
austin.greene@foo.com,Austin,Greene
kimberly.forsyth@foo.com,Kimberly,Forsyth
faith.clark@foo.com,Faith,Clark
jasmine.rutherford@foo.com,Jasmine,Rutherford
una.martin@foo.com,Una,Martin
lisa.churchill@foo.com,Lisa,Churchill
owen.north@foo.com,Owen,North
emily.welch@foo.com,Emily,Welch
hannah.peters@foo.com,Hannah,Peters
edward.parsons@foo.com,Edward,Parsons
connor.peters@foo.com,Connor,Peters
brandon.bond@foo.com,Brandon,Bond
virginia.poole@foo.com,Virginia,Poole
audrey.walker@foo.com,Audrey,Walker
sonia.white@foo.com,Sonia,White
james.morrison@foo.com,James,Morrison
eric.white@foo.com,Eric,White
blake.johnston@foo.com,Blake,Johnston
isaac.walsh@foo.com,Isaac,Walsh
una.baker@foo.com,Una,Baker
kevin.howard@foo.com,Kevin,Howard
frank.baker@foo.com,Frank,Baker
andrew.dyer@foo.com,Andrew,Dyer
felicity.duncan@foo.com,Felicity,Duncan
zoe.gibson@foo.com,Zoe,Gibson
diana.underwood@foo.com,Diana,Underwood
vanessa.grant@foo.com,Vanessa,Grant
melanie.martin@foo.com,Melanie,Martin
diane.johnston@foo.com,Diane,Johnston
dan.mitchell@foo.com,Dan,Mitchell
carl.avery@foo.com,Carl,Avery
felicity.short@foo.com,Felicity,Short
piers.gill@foo.com,Piers,Gill
joanne.morrison@foo.com,Joanne,Morrison
lucas.marshall@foo.com,Lucas,Marshall
dan.kerr@foo.com,Dan,Kerr
rachel.black@foo.com,Rachel,Black
piers.scott@foo.com,Piers,Scott
gabrielle.miller@foo.com,Gabrielle,Miller
anna.powell@foo.com,Anna,Powell
vanessa.powell@foo.com,Vanessa,Powell
matt.miller@foo.com,Matt,Miller
richard.north@foo.com,Richard,North
sam.anderson@foo.com,Sam,Anderson
heather.underwood@foo.com,Heather,Underwood
anna.howard@foo.com,Anna,Howard
jonathan.burgess@foo.com,Jonathan,Burgess
austin.welch@foo.com,Austin,Welch
audrey.nolan@foo.com,Audrey,Nolan
deirdre.slater@foo.com,Deirdre,Slater
peter.lee@foo.com,Peter,Lee
richard.lee@foo.com,Richard,Lee
paul.butler@foo.com,Paul,Butler
max.henderson@foo.com,Max,Henderson
gabrielle.anderson@foo.com,Gabrielle,Anderson
piers.turner@foo.com,Piers,Turner
paul.burgess@foo.com,Paul,Burgess
frank.taylor@foo.com,Frank,Taylor
pippa.scott@foo.com,Pippa,Scott
jack.hill@foo.com,Jack,Hill
justin.hamilton@foo.com,Justin,Hamilton
faith.paige@foo.com,Faith,Paige
edward.lewis@foo.com,Edward,Lewis
donna.mackenzie@foo.com,Donna,Mackenzie
joan.parr@foo.com,Joan,Parr
lily.dickens@foo.com,Lily,Dickens
bella.bell@foo.com,Bella,Bell
kevin.dowd@foo.com,Kevin,Dowd
jack.ince@foo.com,Jack,Ince
james.parr@foo.com,James,Parr
dan.glover@foo.com,Dan,Glover
phil.grant@foo.com,Phil,Grant
austin.mackenzie@foo.com,Austin,Mackenzie
tracey.jackson@foo.com,Tracey,Jackson
anna.edmunds@foo.com,Anna,Edmunds
warren.piper@foo.com,Warren,Piper
amelia.short@foo.com,Amelia,Short
andrew.smith@foo.com,Andrew,Smith
amy.slater@foo.com,Amy,Slater
penelope.fraser@foo.com,Penelope,Fraser
nathan.burgess@foo.com,Nathan,Burgess
christopher.powell@foo.com,Christopher,Powell
rachel.north@foo.com,Rachel,North
jennifer.robertson@foo.com,Jennifer,Robertson
madeleine.ellison@foo.com,Madeleine,Ellison
eric.harris@foo.com,Eric,Harris
isaac.black@foo.com,Isaac,Black
vanessa.peake@foo.com,Vanessa,Peake
theresa.clark@foo.com,Theresa,Clark
jan.lambert@foo.com,Jan,Lambert
adrian.davies@foo.com,Adrian,Davies
jennifer.tucker@foo.com,Jennifer,Tucker
nicola.macdonald@foo.com,Nicola,MacDonald
lauren.avery@foo.com,Lauren,Avery
adrian.kerr@foo.com,Adrian,Kerr
benjamin.langdon@foo.com,Benjamin,Langdon
john.skinner@foo.com,John,Skinner
lisa.blake@foo.com,Lisa,Blake
edward.james@foo.com,Edward,James
sonia.clark@foo.com,Sonia,Clark
alan.langdon@foo.com,Alan,Langdon
brian.parr@foo.com,Brian,Parr
isaac.skinner@foo.com,Isaac,Skinner
dominic.mackay@foo.com,Dominic,Mackay
heather.turner@foo.com,Heather,Turner
donna.avery@foo.com,Donna,Avery
cameron.mitchell@foo.com,Cameron,Mitchell
elizabeth.fraser@foo.com,Elizabeth,Fraser
simon.gray@foo.com,Simon,Gray
isaac.kerr@foo.com,Isaac,Kerr
amy.martin@foo.com,Amy,Martin
yvonne.howard@foo.com,Yvonne,Howard
jane.may@foo.com,Jane,May
thomas.ferguson@foo.com,Thomas,Ferguson
jennifer.mitchell@foo.com,Jennifer,Mitchell
diane.manning@foo.com,Diane,Manning
ella.nash@foo.com,Ella,Nash
diane.bower@foo.com,Diane,Bower
brian.hudson@foo.com,Brian,Hudson
diana.wilkins@foo.com,Diana,Wilkins
jessica.bailey@foo.com,Jessica,Bailey
alison.piper@foo.com,Alison,Piper
mary.wilkins@foo.com,Mary,Wilkins
adam.north@foo.com,Adam,North
lisa.mills@foo.com,Lisa,Mills
fiona.martin@foo.com,Fiona,Martin
stephanie.walker@foo.com,Stephanie,Walker
vanessa.ross@foo.com,Vanessa,Ross
lillian.baker@foo.com,Lillian,Baker
keith.ross@foo.com,Keith,Ross
sam.churchill@foo.com,Sam,Churchill
deirdre.butler@foo.com,Deirdre,Butler
melanie.hughes@foo.com,Melanie,Hughes
claire.ferguson@foo.com,Claire,Ferguson
piers.king@foo.com,Piers,King
james.walsh@foo.com,James,Walsh
ava.mclean@foo.com,Ava,McLean
leonard.ross@foo.com,Leonard,Ross
faith.mackenzie@foo.com,Faith,Mackenzie
christian.duncan@foo.com,Christian,Duncan
boris.morrison@foo.com,Boris,Morrison
leonard.buckland@foo.com,Leonard,Buckland
warren.bell@foo.com,Warren,Bell
trevor.underwood@foo.com,Trevor,Underwood
paul.sutherland@foo.com,Paul,Sutherland
neil.payne@foo.com,Neil,Payne
gavin.hamilton@foo.com,Gavin,Hamilton
sally.macdonald@foo.com,Sally,MacDonald
jack.fraser@foo.com,Jack,Fraser
tracey.rees@foo.com,Tracey,Rees
melanie.ince@foo.com,Melanie,Ince
abigail.rees@foo.com,Abigail,Rees
dylan.chapman@foo.com,Dylan,Chapman
neil.dyer@foo.com,Neil,Dyer
benjamin.mackenzie@foo.com,Benjamin,Mackenzie
jan.randall@foo.com,Jan,Randall
vanessa.johnston@foo.com,Vanessa,Johnston
zoe.davies@foo.com,Zoe,Davies
amelia.blake@foo.com,Amelia,Blake
ava.morgan@foo.com,Ava,Morgan
ian.knox@foo.com,Ian,Knox
paul.oliver@foo.com,Paul,Oliver
angela.sharp@foo.com,Angela,Sharp
felicity.peters@foo.com,Felicity,Peters
wendy.dowd@foo.com,Wendy,Dowd
sally.north@foo.com,Sally,North
max.campbell@foo.com,Max,Campbell
matt.hill@foo.com,Matt,Hill
jessica.nolan@foo.com,Jessica,Nolan
sam.clarkson@foo.com,Sam,Clarkson
kevin.greene@foo.com,Kevin,Greene
dan.fisher@foo.com,Dan,Fisher
colin.grant@foo.com,Colin,Grant
alexandra.berry@foo.com,Alexandra,Berry
donna.wallace@foo.com,Donna,Wallace
kevin.alsop@foo.com,Kevin,Alsop
joe.peters@foo.com,Joe,Peters
dan.hodges@foo.com,Dan,Hodges
joe.ball@foo.com,Joe,Ball
angela.lyman@foo.com,Angela,Lyman
emily.johnston@foo.com,Emily,Johnston
zoe.arnold@foo.com,Zoe,Arnold
carol.quinn@foo.com,Carol,Quinn
steven.glover@foo.com,Steven,Glover
john.hughes@foo.com,John,Hughes
eric.mathis@foo.com,Eric,Mathis
una.davies@foo.com,Una,Davies
paul.cameron@foo.com,Paul,Cameron
alan.coleman@foo.com,Alan,Coleman
natalie.duncan@foo.com,Natalie,Duncan
benjamin.anderson@foo.com,Benjamin,Anderson
hannah.newman@foo.com,Hannah,Newman
rose.rees@foo.com,Rose,Rees
peter.vaughan@foo.com,Peter,Vaughan
michael.powell@foo.com,Michael,Powell
dominic.ellison@foo.com,Dominic,Ellison
emily.payne@foo.com,Emily,Payne
olivia.reid@foo.com,Olivia,Reid
lillian.dyer@foo.com,Lillian,Dyer
peter.ogden@foo.com,Peter,Ogden
donna.mackay@foo.com,Donna,Mackay
adam.hudson@foo.com,Adam,Hudson
cameron.short@foo.com,Cameron,Short
joanne.lee@foo.com,Joanne,Lee
tracey.clark@foo.com,Tracey,Clark
phil.hemmings@foo.com,Phil,Hemmings
kimberly.black@foo.com,Kimberly,Black
ian.dyer@foo.com,Ian,Dyer
sarah.marshall@foo.com,Sarah,Marshall
sean.piper@foo.com,Sean,Piper
maria.duncan@foo.com,Maria,Duncan
charles.king@foo.com,Charles,King
victoria.hudson@foo.com,Victoria,Hudson
julia.peake@foo.com,Julia,Peake
lily.jones@foo.com,Lily,Jones
jason.brown@foo.com,Jason,Brown
jasmine.payne@foo.com,Jasmine,Payne
james.piper@foo.com,James,Piper
maria.dickens@foo.com,Maria,Dickens
rebecca.churchill@foo.com,Rebecca,Churchill
edward.dyer@foo.com,Edward,Dyer
connor.mcdonald@foo.com,Connor,McDonald
stephen.ball@foo.com,Stephen,Ball
alan.king@foo.com,Alan,King
victoria.underwood@foo.com,Victoria,Underwood
jan.ross@foo.com,Jan,Ross
rose.macdonald@foo.com,Rose,MacDonald
piers.wilkins@foo.com,Piers,Wilkins
carl.glover@foo.com,Carl,Glover
sonia.bond@foo.com,Sonia,Bond
eric.dowd@foo.com,Eric,Dowd
julian.springer@foo.com,Julian,Springer
christian.peters@foo.com,Christian,Peters
nicola.bell@foo.com,Nicola,Bell
joe.rees@foo.com,Joe,Rees
joan.smith@foo.com,Joan,Smith
bella.peters@foo.com,Bella,Peters
boris.wright@foo.com,Boris,Wright
eric.underwood@foo.com,Eric,Underwood
brian.alsop@foo.com,Brian,Alsop
max.short@foo.com,Max,Short
katherine.paterson@foo.com,Katherine,Paterson
austin.turner@foo.com,Austin,Turner
sebastian.poole@foo.com,Sebastian,Poole
christopher.harris@foo.com,Christopher,Harris
melanie.thomson@foo.com,Melanie,Thomson
tim.vance@foo.com,Tim,Vance
audrey.wallace@foo.com,Audrey,Wallace
cameron.lewis@foo.com,Cameron,Lewis
kevin.edmunds@foo.com,Kevin,Edmunds
alan.lawrence@foo.com,Alan,Lawrence
oliver.davidson@foo.com,Oliver,Davidson
christian.lambert@foo.com,Christian,Lambert
sonia.grant@foo.com,Sonia,Grant
isaac.ogden@foo.com,Isaac,Ogden
caroline.short@foo.com,Caroline,Short
felicity.arnold@foo.com,Felicity,Arnold
peter.mcgrath@foo.com,Peter,McGrath
diane.vance@foo.com,Diane,Vance
jessica.black@foo.com,Jessica,Black
sonia.mills@foo.com,Sonia,Mills
evan.wright@foo.com,Evan,Wright
penelope.north@foo.com,Penelope,North
peter.davies@foo.com,Peter,Davies
carl.mcdonald@foo.com,Carl,McDonald
carl.cameron@foo.com,Carl,Cameron
irene.ince@foo.com,Irene,Ince
steven.lambert@foo.com,Steven,Lambert
dylan.knox@foo.com,Dylan,Knox
fiona.young@foo.com,Fiona,Young
carol.gray@foo.com,Carol,Gray
andrea.robertson@foo.com,Andrea,Robertson
katherine.skinner@foo.com,Katherine,Skinner
gabrielle.rampling@foo.com,Gabrielle,Rampling
emma.hamilton@foo.com,Emma,Hamilton
claire.roberts@foo.com,Claire,Roberts
andrea.howard@foo.com,Andrea,Howard
connor.mclean@foo.com,Connor,McLean
caroline.burgess@foo.com,Caroline,Burgess
rose.chapman@foo.com,Rose,Chapman
megan.howard@foo.com,Megan,Howard
christian.martin@foo.com,Christian,Martin
cameron.simpson@foo.com,Cameron,Simpson
lily.macdonald@foo.com,Lily,MacDonald
rebecca.hughes@foo.com,Rebecca,Hughes
jonathan.randall@foo.com,Jonathan,Randall
matt.butler@foo.com,Matt,Butler
james.paterson@foo.com,James,Paterson
diane.slater@foo.com,Diane,Slater
angela.slater@foo.com,Angela,Slater
wanda.glover@foo.com,Wanda,Glover
lillian.watson@foo.com,Lillian,Watson
carl.welch@foo.com,Carl,Welch
max.bell@foo.com,Max,Bell
max.macleod@foo.com,Max,MacLeod
neil.peters@foo.com,Neil,Peters
steven.simpson@foo.com,Steven,Simpson
natalie.baker@foo.com,Natalie,Baker
mary.forsyth@foo.com,Mary,Forsyth
steven.cornish@foo.com,Steven,Cornish
jasmine.hunter@foo.com,Jasmine,Hunter
molly.powell@foo.com,Molly,Powell
jan.ogden@foo.com,Jan,Ogden
lucas.newman@foo.com,Lucas,Newman
richard.chapman@foo.com,Richard,Chapman
kylie.fraser@foo.com,Kylie,Fraser
dylan.wilkins@foo.com,Dylan,Wilkins
gavin.clarkson@foo.com,Gavin,Clarkson
leah.davies@foo.com,Leah,Davies
christopher.churchill@foo.com,Christopher,Churchill
liam.edmunds@foo.com,Liam,Edmunds
lauren.ross@foo.com,Lauren,Ross
maria.north@foo.com,Maria,North
una.gray@foo.com,Una,Gray
joseph.mitchell@foo.com,Joseph,Mitchell
donna.welch@foo.com,Donna,Welch
pippa.gray@foo.com,Pippa,Gray
gabrielle.butler@foo.com,Gabrielle,Butler
zoe.hart@foo.com,Zoe,Hart
maria.robertson@foo.com,Maria,Robertson
dorothy.henderson@foo.com,Dorothy,Henderson
tracey.hudson@foo.com,Tracey,Hudson
edward.lyman@foo.com,Edward,Lyman
heather.welch@foo.com,Heather,Welch
matt.ince@foo.com,Matt,Ince
hannah.berry@foo.com,Hannah,Berry
anne.lyman@foo.com,Anne,Lyman
kimberly.blake@foo.com,Kimberly,Blake
leonard.welch@foo.com,Leonard,Welch
diane.parr@foo.com,Diane,Parr
dylan.lewis@foo.com,Dylan,Lewis
maria.watson@foo.com,Maria,Watson
jessica.macdonald@foo.com,Jessica,MacDonald
boris.knox@foo.com,Boris,Knox
irene.henderson@foo.com,Irene,Henderson
lillian.ferguson@foo.com,Lillian,Ferguson
david.ellison@foo.com,David,Ellison
anne.slater@foo.com,Anne,Slater
wendy.ogden@foo.com,Wendy,Ogden
anthony.piper@foo.com,Anthony,Piper
mary.skinner@foo.com,Mary,Skinner
anne.hudson@foo.com,Anne,Hudson
virginia.lambert@foo.com,Virginia,Lambert
warren.peters@foo.com,Warren,Peters
colin.henderson@foo.com,Colin,Henderson
joshua.piper@foo.com,Joshua,Piper
olivia.hodges@foo.com,Olivia,Hodges
dominic.terry@foo.com,Dominic,Terry
warren.harris@foo.com,Warren,Harris
deirdre.ball@foo.com,Deirdre,Ball
brandon.sharp@foo.com,Brandon,Sharp
alexander.dickens@foo.com,Alexander,Dickens
abigail.gray@foo.com,Abigail,Gray
maria.quinn@foo.com,Maria,Quinn
stephanie.parr@foo.com,Stephanie,Parr
penelope.carr@foo.com,Penelope,Carr
karen.kerr@foo.com,Karen,Kerr
chloe.blake@foo.com,Chloe,Blake
alison.wallace@foo.com,Alison,Wallace
robert.duncan@foo.com,Robert,Duncan
benjamin.kelly@foo.com,Benjamin,Kelly
benjamin.macleod@foo.com,Benjamin,MacLeod
anthony.stewart@foo.com,Anthony,Stewart
jack.parr@foo.com,Jack,Parr
blake.poole@foo.com,Blake,Poole
dominic.short@foo.com,Dominic,Short
abigail.marshall@foo.com,Abigail,Marshall
carol.manning@foo.com,Carol,Manning
christian.piper@foo.com,Christian,Piper
heather.vance@foo.com,Heather,Vance
chloe.dowd@foo.com,Chloe,Dowd
blake.skinner@foo.com,Blake,Skinner
william.rampling@foo.com,William,Rampling
claire.hodges@foo.com,Claire,Hodges
audrey.carr@foo.com,Audrey,Carr
evan.hemmings@foo.com,Evan,Hemmings
leonard.short@foo.com,Leonard,Short
irene.hunter@foo.com,Irene,Hunter
kimberly.lawrence@foo.com,Kimberly,Lawrence
isaac.mackenzie@foo.com,Isaac,Mackenzie
liam.tucker@foo.com,Liam,Tucker
ruth.ellison@foo.com,Ruth,Ellison
anne.may@foo.com,Anne,May
sue.allan@foo.com,Sue,Allan
faith.wilkins@foo.com,Faith,Wilkins
joseph.walker@foo.com,Joseph,Walker
jennifer.sutherland@foo.com,Jennifer,Sutherland
anthony.churchill@foo.com,Anthony,Churchill
charles.ince@foo.com,Charles,Ince
oliver.berry@foo.com,Oliver,Berry
brandon.wilkins@foo.com,Brandon,Wilkins
wanda.dyer@foo.com,Wanda,Dyer
caroline.butler@foo.com,Caroline,Butler
john.randall@foo.com,John,Randall
jason.underwood@foo.com,Jason,Underwood
gavin.ince@foo.com,Gavin,Ince
penelope.dickens@foo.com,Penelope,Dickens
ava.dickens@foo.com,Ava,Dickens
luke.lawrence@foo.com,Luke,Lawrence
nicola.churchill@foo.com,Nicola,Churchill
sonia.nolan@foo.com,Sonia,Nolan
penelope.davidson@foo.com,Penelope,Davidson
stephen.murray@foo.com,Stephen,Murray
jasmine.hodges@foo.com,Jasmine,Hodges
warren.slater@foo.com,Warren,Slater
leah.knox@foo.com,Leah,Knox
jasmine.henderson@foo.com,Jasmine,Henderson
diana.bower@foo.com,Diana,Bower
neil.sutherland@foo.com,Neil,Sutherland
brian.glover@foo.com,Brian,Glover
pippa.ferguson@foo.com,Pippa,Ferguson
gordon.tucker@foo.com,Gordon,Tucker
leonard.berry@foo.com,Leonard,Berry
michelle.kerr@foo.com,Michelle,Kerr
carol.fisher@foo.com,Carol,Fisher
diana.grant@foo.com,Diana,Grant
julian.baker@foo.com,Julian,Baker
richard.coleman@foo.com,Richard,Coleman
peter.poole@foo.com,Peter,Poole
chloe.lawrence@foo.com,Chloe,Lawrence
chloe.sharp@foo.com,Chloe,Sharp
irene.paterson@foo.com,Irene,Paterson
julia.randall@foo.com,Julia,Randall
lillian.grant@foo.com,Lillian,Grant
molly.ellison@foo.com,Molly,Ellison
steven.nolan@foo.com,Steven,Nolan
kimberly.parsons@foo.com,Kimberly,Parsons
abigail.may@foo.com,Abigail,May
max.north@foo.com,Max,North
julian.bond@foo.com,Julian,Bond
sonia.turner@foo.com,Sonia,Turner
sarah.duncan@foo.com,Sarah,Duncan
kevin.nolan@foo.com,Kevin,Nolan
trevor.duncan@foo.com,Trevor,Duncan
brian.parsons@foo.com,Brian,Parsons
gavin.nash@foo.com,Gavin,Nash
andrew.davies@foo.com,Andrew,Davies
theresa.parsons@foo.com,Theresa,Parsons
michael.bailey@foo.com,Michael,Bailey
katherine.may@foo.com,Katherine,May
donna.black@foo.com,Donna,Black
lauren.forsyth@foo.com,Lauren,Forsyth
abigail.mcdonald@foo.com,Abigail,McDonald
maria.hart@foo.com,Maria,Hart
trevor.gill@foo.com,Trevor,Gill
jacob.skinner@foo.com,Jacob,Skinner
david.powell@foo.com,David,Powell
piers.jackson@foo.com,Piers,Jackson
jack.hemmings@foo.com,Jack,Hemmings
audrey.bower@foo.com,Audrey,Bower
dylan.buckland@foo.com,Dylan,Buckland
john.miller@foo.com,John,Miller
brian.morgan@foo.com,Brian,Morgan
joseph.jones@foo.com,Joseph,Jones
liam.bailey@foo.com,Liam,Bailey
sally.mitchell@foo.com,Sally,Mitchell
leonard.mclean@foo.com,Leonard,McLean
rose.wright@foo.com,Rose,Wright
brandon.quinn@foo.com,Brandon,Quinn
diane.taylor@foo.com,Diane,Taylor
joan.gray@foo.com,Joan,Gray
madeleine.piper@foo.com,Madeleine,Piper
sam.ross@foo.com,Sam,Ross
bernadette.lewis@foo.com,Bernadette,Lewis
sarah.macleod@foo.com,Sarah,MacLeod
benjamin.edmunds@foo.com,Benjamin,Edmunds
angela.morrison@foo.com,Angela,Morrison
sonia.buckland@foo.com,Sonia,Buckland
katherine.young@foo.com,Katherine,Young
samantha.wilkins@foo.com,Samantha,Wilkins
brian.peake@foo.com,Brian,Peake
julian.lyman@foo.com,Julian,Lyman
jennifer.short@foo.com,Jennifer,Short
alan.cornish@foo.com,Alan,Cornish
tracey.wilkins@foo.com,Tracey,Wilkins
lucas.wright@foo.com,Lucas,Wright
ryan.allan@foo.com,Ryan,Allan
sebastian.butler@foo.com,Sebastian,Butler
sean.mackay@foo.com,Sean,Mackay
tim.lambert@foo.com,Tim,Lambert
piers.duncan@foo.com,Piers,Duncan
stephen.miller@foo.com,Stephen,Miller
faith.jackson@foo.com,Faith,Jackson
justin.hill@foo.com,Justin,Hill
edward.springer@foo.com,Edward,Springer
trevor.mitchell@foo.com,Trevor,Mitchell
alison.allan@foo.com,Alison,Allan
matt.burgess@foo.com,Matt,Burgess
david.hudson@foo.com,David,Hudson
cameron.kerr@foo.com,Cameron,Kerr
melanie.gray@foo.com,Melanie,Gray
megan.powell@foo.com,Megan,Powell
ruth.roberts@foo.com,Ruth,Roberts
connor.skinner@foo.com,Connor,Skinner
alan.mitchell@foo.com,Alan,Mitchell
phil.mitchell@foo.com,Phil,Mitchell
wanda.king@foo.com,Wanda,King
alan.mackenzie@foo.com,Alan,Mackenzie
charles.jones@foo.com,Charles,Jones
katherine.piper@foo.com,Katherine,Piper
joseph.cornish@foo.com,Joseph,Cornish
penelope.manning@foo.com,Penelope,Manning
vanessa.bower@foo.com,Vanessa,Bower
karen.hodges@foo.com,Karen,Hodges
sam.butler@foo.com,Sam,Butler
emma.payne@foo.com,Emma,Payne
lily.springer@foo.com,Lily,Springer
richard.manning@foo.com,Richard,Manning
deirdre.lambert@foo.com,Deirdre,Lambert
wendy.lee@foo.com,Wendy,Lee
lily.butler@foo.com,Lily,Butler
simon.terry@foo.com,Simon,Terry
piers.marshall@foo.com,Piers,Marshall
carolyn.butler@foo.com,Carolyn,Butler
jacob.abraham@foo.com,Jacob,Abraham
theresa.dickens@foo.com,Theresa,Dickens
leah.stewart@foo.com,Leah,Stewart
rebecca.morgan@foo.com,Rebecca,Morgan
owen.bailey@foo.com,Owen,Bailey
sam.miller@foo.com,Sam,Miller
felicity.kelly@foo.com,Felicity,Kelly
carol.berry@foo.com,Carol,Berry
amy.walsh@foo.com,Amy,Walsh
olivia.smith@foo.com,Olivia,Smith
theresa.hill@foo.com,Theresa,Hill
jack.carr@foo.com,Jack,Carr
christian.avery@foo.com,Christian,Avery
colin.gibson@foo.com,Colin,Gibson
jennifer.grant@foo.com,Jennifer,Grant
gordon.davies@foo.com,Gordon,Davies
jasmine.randall@foo.com,Jasmine,Randall
penelope.clarkson@foo.com,Penelope,Clarkson
adrian.wilkins@foo.com,Adrian,Wilkins
trevor.mcdonald@foo.com,Trevor,McDonald
natalie.hudson@foo.com,Natalie,Hudson
thomas.scott@foo.com,Thomas,Scott
wanda.allan@foo.com,Wanda,Allan
paul.alsop@foo.com,Paul,Alsop
madeleine.turner@foo.com,Madeleine,Turner
elizabeth.mackenzie@foo.com,Elizabeth,Mackenzie
justin.anderson@foo.com,Justin,Anderson
dorothy.lewis@foo.com,Dorothy,Lewis
warren.henderson@foo.com,Warren,Henderson
jack.parsons@foo.com,Jack,Parsons
emma.newman@foo.com,Emma,Newman
oliver.churchill@foo.com,Oliver,Churchill
thomas.watson@foo.com,Thomas,Watson
amanda.bell@foo.com,Amanda,Bell
simon.gibson@foo.com,Simon,Gibson
jonathan.young@foo.com,Jonathan,Young
vanessa.underwood@foo.com,Vanessa,Underwood
samantha.bailey@foo.com,Samantha,Bailey
megan.hodges@foo.com,Megan,Hodges
ryan.johnston@foo.com,Ryan,Johnston
kylie.rees@foo.com,Kylie,Rees
jake.arnold@foo.com,Jake,Arnold
rachel.roberts@foo.com,Rachel,Roberts
wanda.lewis@foo.com,Wanda,Lewis
natalie.walker@foo.com,Natalie,Walker
jennifer.lyman@foo.com,Jennifer,Lyman
oliver.ince@foo.com,Oliver,Ince
kimberly.bell@foo.com,Kimberly,Bell
isaac.sanderson@foo.com,Isaac,Sanderson
lisa.ferguson@foo.com,Lisa,Ferguson
edward.mackay@foo.com,Edward,Mackay
jacob.lyman@foo.com,Jacob,Lyman
wendy.hudson@foo.com,Wendy,Hudson
gordon.baker@foo.com,Gordon,Baker
edward.langdon@foo.com,Edward,Langdon
anthony.simpson@foo.com,Anthony,Simpson
claire.james@foo.com,Claire,James
jasmine.reid@foo.com,Jasmine,Reid
gordon.campbell@foo.com,Gordon,Campbell
carolyn.jones@foo.com,Carolyn,Jones
gavin.short@foo.com,Gavin,Short
robert.robertson@foo.com,Robert,Robertson
alison.dyer@foo.com,Alison,Dyer
melanie.butler@foo.com,Melanie,Butler
jason.fisher@foo.com,Jason,Fisher
wendy.pullman@foo.com,Wendy,Pullman
evan.carr@foo.com,Evan,Carr
sean.rees@foo.com,Sean,Rees
michael.bell@foo.com,Michael,Bell
fiona.ogden@foo.com,Fiona,Ogden
dominic.hamilton@foo.com,Dominic,Hamilton
fiona.sutherland@foo.com,Fiona,Sutherland
samantha.terry@foo.com,Samantha,Terry
keith.newman@foo.com,Keith,Newman
brandon.chapman@foo.com,Brandon,Chapman
yvonne.dyer@foo.com,Yvonne,Dyer
sue.burgess@foo.com,Sue,Burgess
stewart.sutherland@foo.com,Stewart,Sutherland
jane.anderson@foo.com,Jane,Anderson
hannah.blake@foo.com,Hannah,Blake
peter.mackay@foo.com,Peter,Mackay
dylan.vance@foo.com,Dylan,Vance
sarah.mclean@foo.com,Sarah,McLean
chloe.north@foo.com,Chloe,North
richard.butler@foo.com,Richard,Butler
tracey.thomson@foo.com,Tracey,Thomson
sebastian.sutherland@foo.com,Sebastian,Sutherland
kimberly.mills@foo.com,Kimberly,Mills
kevin.paige@foo.com,Kevin,Paige
ian.macdonald@foo.com,Ian,MacDonald
michelle.davies@foo.com,Michelle,Davies
angela.vaughan@foo.com,Angela,Vaughan
angela.terry@foo.com,Angela,Terry
abigail.lee@foo.com,Abigail,Lee
claire.mitchell@foo.com,Claire,Mitchell
tim.morgan@foo.com,Tim,Morgan
simon.macdonald@foo.com,Simon,MacDonald
boris.clarkson@foo.com,Boris,Clarkson
julia.lee@foo.com,Julia,Lee
diane.dowd@foo.com,Diane,Dowd
megan.walsh@foo.com,Megan,Walsh
lillian.wilkins@foo.com,Lillian,Wilkins
nicola.kerr@foo.com,Nicola,Kerr
eric.churchill@foo.com,Eric,Churchill
anna.russell@foo.com,Anna,Russell
edward.poole@foo.com,Edward,Poole
jacob.mclean@foo.com,Jacob,McLean
david.paterson@foo.com,David,Paterson
gavin.forsyth@foo.com,Gavin,Forsyth
colin.wright@foo.com,Colin,Wright
ella.davies@foo.com,Ella,Davies
carl.bower@foo.com,Carl,Bower
sonia.fraser@foo.com,Sonia,Fraser
justin.gill@foo.com,Justin,Gill
paul.sanderson@foo.com,Paul,Sanderson
joseph.gray@foo.com,Joseph,Gray
joanne.taylor@foo.com,Joanne,Taylor
david.harris@foo.com,David,Harris
keith.edmunds@foo.com,Keith,Edmunds
justin.stewart@foo.com,Justin,Stewart
isaac.roberts@foo.com,Isaac,Roberts
carl.roberts@foo.com,Carl,Roberts
pippa.marshall@foo.com,Pippa,Marshall
julia.ferguson@foo.com,Julia,Ferguson
angela.parsons@foo.com,Angela,Parsons
ava.mackay@foo.com,Ava,Mackay
owen.duncan@foo.com,Owen,Duncan
jane.allan@foo.com,Jane,Allan
stephen.king@foo.com,Stephen,King
penelope.morgan@foo.com,Penelope,Morgan
colin.gill@foo.com,Colin,Gill
ella.abraham@foo.com,Ella,Abraham
caroline.harris@foo.com,Caroline,Harris
molly.lyman@foo.com,Molly,Lyman
dylan.walker@foo.com,Dylan,Walker
gordon.cornish@foo.com,Gordon,Cornish
madeleine.wright@foo.com,Madeleine,Wright
stewart.allan@foo.com,Stewart,Allan
peter.grant@foo.com,Peter,Grant
luke.kerr@foo.com,Luke,Kerr
dorothy.dyer@foo.com,Dorothy,Dyer
rose.mclean@foo.com,Rose,McLean
diane.sanderson@foo.com,Diane,Sanderson
maria.henderson@foo.com,Maria,Henderson
jack.butler@foo.com,Jack,Butler
megan.hunter@foo.com,Megan,Hunter
austin.bond@foo.com,Austin,Bond
gavin.watson@foo.com,Gavin,Watson
tim.smith@foo.com,Tim,Smith
claire.nolan@foo.com,Claire,Nolan
andrea.mathis@foo.com,Andrea,Mathis
charles.clarkson@foo.com,Charles,Clarkson
andrew.hughes@foo.com,Andrew,Hughes
yvonne.edmunds@foo.com,Yvonne,Edmunds
david.nash@foo.com,David,Nash
alan.arnold@foo.com,Alan,Arnold
cameron.parr@foo.com,Cameron,Parr
william.tucker@foo.com,William,Tucker
piers.hemmings@foo.com,Piers,Hemmings
justin.cornish@foo.com,Justin,Cornish
leonard.johnston@foo.com,Leonard,Johnston
karen.howard@foo.com,Karen,Howard
oliver.bell@foo.com,Oliver,Bell
gabrielle.quinn@foo.com,Gabrielle,Quinn
lucas.reid@foo.com,Lucas,Reid
jason.chapman@foo.com,Jason,Chapman
bernadette.short@foo.com,Bernadette,Short
connor.rees@foo.com,Connor,Rees
joan.martin@foo.com,Joan,Martin
elizabeth.thomson@foo.com,Elizabeth,Thomson
deirdre.clarkson@foo.com,Deirdre,Clarkson
liam.robertson@foo.com,Liam,Robertson
alan.pullman@foo.com,Alan,Pullman
william.skinner@foo.com,William,Skinner
donna.clarkson@foo.com,Donna,Clarkson
megan.carr@foo.com,Megan,Carr
kevin.manning@foo.com,Kevin,Manning
paul.walker@foo.com,Paul,Walker
max.metcalfe@foo.com,Max,Metcalfe
victor.clarkson@foo.com,Victor,Clarkson
frank.anderson@foo.com,Frank,Anderson
andrew.cameron@foo.com,Andrew,Cameron
justin.underwood@foo.com,Justin,Underwood
melanie.alsop@foo.com,Melanie,Alsop
jason.lawrence@foo.com,Jason,Lawrence
kylie.north@foo.com,Kylie,North
ryan.king@foo.com,Ryan,King
stewart.lyman@foo.com,Stewart,Lyman
boris.fisher@foo.com,Boris,Fisher
isaac.white@foo.com,Isaac,White
pippa.payne@foo.com,Pippa,Payne
karen.thomson@foo.com,Karen,Thomson
lillian.james@foo.com,Lillian,James
abigail.hudson@foo.com,Abigail,Hudson
dylan.watson@foo.com,Dylan,Watson
leah.rees@foo.com,Leah,Rees
dorothy.mcdonald@foo.com,Dorothy,McDonald
liam.stewart@foo.com,Liam,Stewart
alison.springer@foo.com,Alison,Springer
connor.jackson@foo.com,Connor,Jackson
theresa.ferguson@foo.com,Theresa,Ferguson
donna.cornish@foo.com,Donna,Cornish
bernadette.terry@foo.com,Bernadette,Terry
maria.scott@foo.com,Maria,Scott
emily.grant@foo.com,Emily,Grant
stewart.ince@foo.com,Stewart,Ince
chloe.mathis@foo.com,Chloe,Mathis
isaac.avery@foo.com,Isaac,Avery
jessica.hudson@foo.com,Jessica,Hudson
justin.blake@foo.com,Justin,Blake
bella.simpson@foo.com,Bella,Simpson
natalie.churchill@foo.com,Natalie,Churchill
deirdre.fisher@foo.com,Deirdre,Fisher
vanessa.welch@foo.com,Vanessa,Welch
robert.hodges@foo.com,Robert,Hodges
faith.ball@foo.com,Faith,Ball
luke.white@foo.com,Luke,White
frank.turner@foo.com,Frank,Turner
joseph.vaughan@foo.com,Joseph,Vaughan
isaac.simpson@foo.com,Isaac,Simpson
melanie.randall@foo.com,Melanie,Randall
michelle.walsh@foo.com,Michelle,Walsh
chloe.james@foo.com,Chloe,James
michael.walsh@foo.com,Michael,Walsh
sophie.walker@foo.com,Sophie,Walker
karen.terry@foo.com,Karen,Terry
maria.peake@foo.com,Maria,Peake
david.churchill@foo.com,David,Churchill
samantha.scott@foo.com,Samantha,Scott
elizabeth.glover@foo.com,Elizabeth,Glover
amy.berry@foo.com,Amy,Berry
rebecca.springer@foo.com,Rebecca,Springer
dorothy.gill@foo.com,Dorothy,Gill
ava.bell@foo.com,Ava,Bell
oliver.fraser@foo.com,Oliver,Fraser
deirdre.mcgrath@foo.com,Deirdre,McGrath
alan.clarkson@foo.com,Alan,Clarkson
rachel.allan@foo.com,Rachel,Allan
abigail.paterson@foo.com,Abigail,Paterson
stephen.coleman@foo.com,Stephen,Coleman
bella.peake@foo.com,Bella,Peake
eric.terry@foo.com,Eric,Terry
adam.hodges@foo.com,Adam,Hodges
irene.bower@foo.com,Irene,Bower
owen.powell@foo.com,Owen,Powell
thomas.lawrence@foo.com,Thomas,Lawrence
phil.morrison@foo.com,Phil,Morrison
luke.sanderson@foo.com,Luke,Sanderson
liam.carr@foo.com,Liam,Carr
julian.james@foo.com,Julian,James
heather.graham@foo.com,Heather,Graham
joshua.slater@foo.com,Joshua,Slater
matt.duncan@foo.com,Matt,Duncan
james.mclean@foo.com,James,McLean
alison.bond@foo.com,Alison,Bond
lillian.hunter@foo.com,Lillian,Hunter
julia.sanderson@foo.com,Julia,Sanderson
jonathan.anderson@foo.com,Jonathan,Anderson
phil.clarkson@foo.com,Phil,Clarkson
sebastian.coleman@foo.com,Sebastian,Coleman
kylie.hart@foo.com,Kylie,Hart
heather.hemmings@foo.com,Heather,Hemmings
sonia.walker@foo.com,Sonia,Walker
dan.smith@foo.com,Dan,Smith
edward.forsyth@foo.com,Edward,Forsyth
abigail.parr@foo.com,Abigail,Parr
sue.martin@foo.com,Sue,Martin
max.may@foo.com,Max,May
brandon.hudson@foo.com,Brandon,Hudson
anne.gibson@foo.com,Anne,Gibson
rose.powell@foo.com,Rose,Powell
sonia.underwood@foo.com,Sonia,Underwood
angela.white@foo.com,Angela,White
olivia.fisher@foo.com,Olivia,Fisher
chloe.nash@foo.com,Chloe,Nash
ella.bond@foo.com,Ella,Bond
justin.metcalfe@foo.com,Justin,Metcalfe
hannah.greene@foo.com,Hannah,Greene
jack.arnold@foo.com,Jack,Arnold
madeleine.vance@foo.com,Madeleine,Vance
carol.tucker@foo.com,Carol,Tucker
charles.mcgrath@foo.com,Charles,McGrath
heather.parr@foo.com,Heather,Parr
natalie.king@foo.com,Natalie,King
charles.rampling@foo.com,Charles,Rampling
owen.nash@foo.com,Owen,Nash
amy.wilson@foo.com,Amy,Wilson
theresa.davidson@foo.com,Theresa,Davidson
nathan.white@foo.com,Nathan,White
sophie.peake@foo.com,Sophie,Peake
blake.burgess@foo.com,Blake,Burgess
penelope.wallace@foo.com,Penelope,Wallace
blake.paige@foo.com,Blake,Paige
jasmine.watson@foo.com,Jasmine,Watson
carl.fraser@foo.com,Carl,Fraser
boris.poole@foo.com,Boris,Poole
stewart.metcalfe@foo.com,Stewart,Metcalfe
pippa.campbell@foo.com,Pippa,Campbell
